komentar,skor,topik
"Konten, konten dan konten, konten ini lah yg menggambarkan tidak ada dusta diantara kita, transparansi kerja pemerintahan yg dimana masyarakat kita ingin tau dan pingin tau karna ulah oknum yg selalu menyelewengkan jabatan nya untuk kepentingan pribadi atau golongan, rakyat jadi tau dan ikut pintar tidak lagi dibodohi bodohinoleh oknum yg nakal, Terimakasih KDM bapak aing 🙏🙏🙏",0.0,Tuntutan Keadilan
Gubernur jabar memang the best,0.0,Optimisme Ekonomi
Assalamualaikum waroqmatullaihi wabarokatu Cirebon hadir KDM hatur nuhun Oke lanjut. ........,0.0,Lain-lain
"mantaaap kang Dedi Mulyadi, terima kasih objektivitias harus terbangun",0.0,Lain-lain
❤❤❤❤❤KDM 🎉🎉🎉🎉🎉 Dayeuhkolot bandung hadir🎉🎉🎉❤❤❤❤❤,0.0,Lain-lain
Oknum2 keluarga desa d Garut ini harus d proses hukum nih..klo d biarkan maka rakyat akan terus d tindas oleh para pejabat laknat 😂,0.0,Tuntutan Keadilan
"Bapak aing 
Tolong bantu saya untuk meminta keadilan atas nama baik suami saya 
Yg sudah di jelekan oleh satu yayasan yg berkantor di bekasi 
Apa Krn kami pengamen y seenak jidat nya membuat nama suami saya jelek
Sehingga suami saya GK bisa kerja",0.0,Tuntutan Keadilan
"Hei said iqbal dengerin ni penjelasan dari gub aing,jgn anti terhadap kinten gub aing,agar kau cerdas dan tercerahkan otak kau.",0.0,Lain-lain
❤❤,0.0,Lain-lain
ibu ini cerdas dan paham mantap. 👍👍,0.0,Lain-lain
"Nah itu, kata kuncinya Po-li-tik berkepentingan. KDM detail dan fakta.",0.0,Lain-lain
"YANG DEMO TERUS KENA PHK, BIARIN AJA KANG, YANG GA TERIMA UMSK DI PHK BIARIN. YANG MASIH NGANGGUR PENGEN KERJA JUTAAN KANG..😊SALAM DARI SBY-JATIM",0.0,Optimisme Ekonomi
"INI GUBERNUR GILA,,, STANDAR NYA TERLALU TINGGI,,, KELIATAN BANGET KINERJANYA,,,, DOA' TERBAIK UNTUK PAK DEDY SEKELUARGA DARI SAYA PENGAMAL SHOLAWAT WAHIDIYAH KEDUNGLO AL MUNADROH 🎉🎉🎉",0.0,Kebijakan Pemprov
Sehat berkah selalu bapak KDM semoga Alloh selalu melindungi bapak...dan di Indonesia bermunculan orang 2 yg berjiwa seperti bapak KDM Aamiin 🤲❤,0.0,Lain-lain
❤❤❤❤❤,0.0,Lain-lain
"Dengerin buruh. Jgn mau jadi sapi perah si said.
Logika kdm :  klo menyimpang  pasti di babad . Berlaku untuk semua.. jagnkan buruh. Ko perushaannya gk bener bakal di tindak tegas. 
Jgn uji nyali kdm..
Tambang miik mafia2 miliurder aja disikat apalagi cuman pabrik. 
Kdm pasti adil.. 
Kalian aja ke hasut si said supaya hidup hedon",1.0,Tuntutan Keadilan
Wkwkwk said iqbal dikibulin anak buahnya hahahha,0.0,Lain-lain
Manusia yg cerdas mengutamakan ke bijaksanaan dlm permuyawatatan.belajarlah dari kegagalan jgn mau di adu domba sistim yg blm jls keabsahanya bagi yg suka demo merusak pasilitas negara.KDM sayang kita semua terus kawal urang sunda/jawa barat harudang.,0.0,Harga Pangan
Presiden buruh. Orasi nya seperti preman... Kalo aku buruh gak bakal mau ikutan demo.... Bicara nya seperti propokator.. Bukan ciri pemimpin yg baik kalo bicara nya kaya gitu,0.0,Kelayakan Upah
"Eta Coba Bapak Aing Kuateun Detail Jeung Khatam ngajelaskeun masalah kos kieu,,Tah dengeee Baraya ,,maju terus Kang Dedi,, tong didenge cacantaL2 model eta si Iqbal..narumpang hirup Dina Kesang buruh,,Kade Ah ,ngan Kuring Mah Percanteun Kang Dedi Moal Gagabah Dina Sagala Hal...Gass Teruss",0.0,Kelayakan Upah
Sehat2 panjang umur Pak dedi🤲,0.0,Lain-lain
Selamat tahun baru moga thn 2026 lbh baik lg,0.0,Lain-lain
pak tolong perhatikan kota banjar,0.0,Lain-lain
"KDM HARUS TEGAS HAJAR SAJA SEPERTI SI SAID IQBAL, SUPARNO YANG SUDAH MEMERAS DAN MEMPERBUDAK BURUH. RAKYAT MENDUKUNGMU. DIAM-DIAM BUAT SAJA LARANGAN BURUH MENJADI ANGGOTA KSPI.",1.0,Tuntutan Keadilan
"Said akil itu orang nya anis,berkedok buruh,buruh ko di manfaat kan politik,perlu di audit harta kekayaan ketua partai buruh",0.0,Kelayakan Upah
"Kang dedi. Hatur nuhun tos perhatian ka buruh  pak. Kudu rada goreng hate ka pengusaha mah pak. Te sadayana perusahaan soleh. Dan niat usaha nage laba jeung laba. . 

Abi curhat saetik. Samemeh covid perusahaan tempat saya kerja masuk sektor 2 pak. 


Eh periode kemarin  perusahaan saya gak masuk sektoral. Kenapa???? Otomatis gajih tahun lalu dan tahun sekarang stagnan. 

Walaupun di pemerintah ada kenaikan upah. Tapi karena perusahaan sudah memakai upak sektoral tahun lalu yang lebih besar dari nilai kenaikan UMK tahun ini. Jadi upah kami tidak naik. Malah harusnya turun karena ikut UMK. 


Maka dengan rasa memohon saya ingin bapak dan jajaran lebih teliti lebih cermat memasukan semua jenis usaha ke dalam sektor. Agar upah kami ikut dan mendapatkan payung hukum 


Masalah tadi bapak menyinggung negosiasi antara perusahaan dan buruh. Sangat sulit terjadi. Pemberi upah dan penerima upah tidak selevel dalam negosiasi. Makanya pemerintah harus bijak. 

Haturnuhun",0.0,Harga Pangan
"Pemprov & Pemkab mengatur agar investasi di daerahnya dapat berjalan dengan baik tanpa ada perlakuan semena"" perusahaan kepada pekerjanya.
Win Win Solution",0.0,Optimisme Ekonomi
"Kayak begini harusnya PEMIMPIN, handling Komplain nya KERENNNN….",0.0,Lain-lain
si iqbal said hayang di gulung sugan babarawakan wae,0.0,Lain-lain
"Harusnya klo Tabayun Panggil Orang yang Bersangkutan nya attuh bapak aink. Jangan cuma panggil dari pihak pemerintah atau jajaran bapak . Namanya bukan klarifikasi klo cuma dari pihak pemerintah kabupaten atau kotanya saja, tapi dari pihak Serikat Buruh Khususnya FSPMI jawabarat tidak Panggil , itu sama saja bapak Sedang menggiring opini Pubik",0.0,Kelayakan Upah
"SUNGAI CIBERES
(CIREBON TIMUR)",0.0,Lain-lain
"ker perusahaan pindah ka negara batur , rek kuli naon baraya  ? 

Rek kuli kaluar negri ?
kabayaang te Perusaahan pindah kabeh , gara gara upah di tentukennku pamarenta .

Pak dedi bener pamikirana Gajih urusan Pengusaha jg Pagawe daekngawe heg tekajen nu penting pajak asup sabab negara iye hirup ku pajak .",0.0,Tuntutan Keadilan
SI IKBAL ITU KALAU BURUH DI PHK GA NONGHOL...KALAU KENAIKAN UPAH BURUH GIAT...KARENA IA HIDUP DARI IURAN BURUH...MAKANYA RUMAHNYA MEWAH...,1.0,Harga Pangan
"Yang nyari kerja perorangan, ketika kerja dipotong serikat, yang disuruh demo karyawan, yang minta naik gaji ketua Serikat, biar incamnya gedean. Kerja kaga, pengen potongan gaji 😂😂😂😂",1.0,Kelayakan Upah
Assalamualaikum kp indralayang Ranca buaya Garut selatan hadir,0.0,Lain-lain
Cerdaass pisaan Bpk aink❤,0.0,Lain-lain
manusia tu ga da puasnya..kurang dan kurang..pdhal buruh yg bener bener kerja kadang di tunggangi benalu benalu politik sesaat..,-1.0,Kelayakan Upah
harus nya dpr yg gaji nya umk pa dedi.....krn utk kerja kelihatan kurang berpihak pd rakyat,-1.0,Tuntutan Keadilan
BPK......,0.0,Lain-lain
Serikat tataian,0.0,Lain-lain
Terbaik KDM ❤❤❤.,0.0,Lain-lain
S7 dng penuturan Kdm,0.0,Lain-lain
Yg demo kemarenn ngerti gak sihh beginian..,0.0,Lain-lain
Mana ada perusahaan untung tinggi dia mau naikin umsknya lebih tinggi yang ada pengen gajih minimal keuntungan maksimal,1.0,Kelayakan Upah
Hatur nuhun 🙏,0.0,Lain-lain
"Kdang saya suka kasihan liat bapa aing Skrang CAPE GAWE TE KAPAKE,,,mendingan mimpin Jabar kaya yg udah"" biar aman",0.0,Optimisme Ekonomi
Tangerang kota slalu bersama KDM,0.0,Lain-lain
Jabar Istimewa ❤❤❤,0.0,Optimisme Ekonomi
Begitu cara KDM untk membuat smua na sejahtera...jngn selalu menyalahkan KDM..segitu hebat na beliau bertindak supaya smua na sejahtera...,0.0,Optimisme Ekonomi
sebaiknya KDM harus punya solusi dalam menentukan kenaikan upah tidak di sertai demo.,1.0,Kelayakan Upah
"hizib saifi tijani
qosam sayyid maithothorun",0.0,Lain-lain
😮🤩🤩🤩🤩🤩,0.0,Lain-lain
"Ya Allah zaman sekarang bukan Allah mengutuskan malaikat untuk mencabut ny4w4 manusia tapi manusia k3j1 lah nya mencabut ny4w4 m4nusi4🥺😢 

 sendiri m Penemv4n M4y4t Dan Dugaan Pembvnvh4n Siswi SMP diareal PT. Bridgestone Tapian Dolok.
   Minggu (29/12/2025) pukul 15.45 WIB, dua karyawan PT Bridgestone, S (51) dan MB (20), menemukan sesosok mayat perempuan di areal perkebunan Blok Z 24, Dolok Merangir, Nagori Dolok Ulu. 
Korban ditemukan telungkup, mengenakan celana putih dan baju hijau, dengan sebuah handphone di dekat kepala.
   Temuan tersebut segera dilaporkan ke aparat desa dan diteruskan ke Polres Simalungun.

 Tim Inafis dan Polsek Serbelawan langsung turun ke TKP, 
melakukan olah tempat kejadian perkara dan mengamankan barang bukti berupa HP, uang tunai Rp11.000, serta dua batang kayu ubi yang diduga digunakan pelaku.
      Sekitar pukul 17.00 WIB, identitas korban terungkap.
 Ia adalah ZR (15), siswi kelas IX SMP Negeri 2 Tapian Dolok. Tangisan histeris keluarga pecah di lokasi penemuan.
     Tanpa menunggu lama, Tim Jatanras bergerak cepat mengumpulkan keterangan saksi dan melakukan profiling pelaku. 
Hasilnya, dalam waktu singkat, identitas tersangka mengerucut pada AH (15), remaja sebaya korban.
       Pukul 19.30 WIB, atau kurang dari 4 jam sejak penemuan mayat, 
berhasil diamankan di rumah kakaknya di Huta Pondok Burian, Nagori Nagur Usang, tanpa perlawanan.
      Dalam pemeriksaan, pelaku mengakui perbuatannya. 
Ia m3nck1k korban dari belakang, 
m3mvkvl kepala dengan b4tv, 
m3mvkvl tubuh dengan kayu ubi, lalu m3nvsvk k0rb4n hingga 10 kali.
Motif pembvnvh4n dipicu permintaan uang dari korban untuk membeli obat aborsi.",-1.0,Kelayakan Upah
Mantap pokoknya..semoga pak KDM sukses dan sehat selalu begitu juga dengan keluarga,0.0,Lain-lain
"Bismillah 
Assalamualaikum warahmatullahi wa barokatuh 

Semoga Pa Dedi dan keluarga sehat selalu.

Perkenalkan nama saya Rudini Muslim saya warga Pameungpeuk Garut sekarang tinggal di Cikajang.

Mudah-mudahan bapak bisa menolong kami, kami menjadi korban penipuan investasi dengan aplikasi RONKB, kerugian mencapai lebih dari 1 juta dolar AS atau sekitar 19 miliar lebih. Terlebih saya juga rugi sekitar 200 juta.

Dengan skema grup, masuk ke aplikasi dan ketika mau menarik yang menjadi keuntungan tidak bisa di tarik malah harus bayar dana verifikasi dan pajak penghasilan.

Ketika sudah membayar dana verifikasi dan pajak penghasilan ternyata apa yang sudah ditarik di aplikasi dana tidak kunjung datang.

Syukur syukur uang saya dan teman-teman yang lain bisa diselamatkan kalau pun tidak semoga jadi pembelajaran buat yang lain.

Semoga pa Dedi dan tim membaca pesan ini",0.0,Optimisme Ekonomi
"KDM bsrta keluarga mg sht slalu n mkin sukses berkah berkah berkah, Mak ceuceung ingin jmpa sm Pa Dedi tp syang Mak LG skit SDH 15 th",0.0,Lain-lain
"Kalo nonton konten KDM Alhamdulillah selalu dapet ilmu, yang apaa tadinya kita GK tau, dan menjadi tau
Alhamdulillah 
Sehat truss bapa aing, pkonya Jabar istimewa",0.0,Optimisme Ekonomi
Serikat buruh apapun namanya itu sdh di tunggangi kepentingan politik yg menjadikan kambing hitam nya buruh... manusia tdk akan ada puasnya adanya cma kurang kurang.. kalau investor pada pergi .. pemerintah yg di salahkan lagi.. nganggur .. miskin demo anarkis... umks hrnya yang menentukan pengusaha dan serikat buruh...,-1.0,Tuntutan Keadilan
"Astagfirullah. Terima kasih Pak KDM atas penjelasannya. 

Namun, jika ditelaah secara logis, secara tidak langsung KSPI justru berperan sebagai pemungut iuran. Apabila iuran tersebut dipungut dari SPI kepada pengusaha, maka seharusnya dana hasil pungutan itu dialokasikan sebagai santunan bagi pekerja yang terkena PHK.

Faktanya, iuran yang dipungut berasal dari pemotongan upah buruh/pekerja untuk dibayarkan ke serikat. Sangat kecil kemungkinan pengusaha akan menganggarkan dana khusus untuk membayar iuran tersebut. Contoh yang paling jelas adalah BPJS Ketenagakerjaan, yang iurannya dipotong setiap bulan dari gaji pekerja dan manfaatnya baru dirasakan ketika pekerja mengalami PHK atau kondisi tertentu.

Oleh karena itu, mari kita berpikir secara rasional dan logis, agar kebijakan dan narasi yang dibangun benar-benar berpihak dan adil bagi pekerja.",0.0,Harga Pangan
y,0.0,Lain-lain
"Assalamu'alaikum... Sampurasun pak Dedi, my name is Mr. Dream I'm from Majalengka  West Java. I'm an English teacher  

Mohon izin pak, sy pengen berkontribusi untuk membantu bapak dalam rangka mengembangkan SDM warga jawa barat khususnya kecakapan bahasa Inggris. Sy punya metode sederhana namun aplikatif yaitu merubah seseorang dari 0 hingga lancar bahasa Inggris hanya dalam waktu 12 Hari saja. Jika metode sy dipakai banyak orang khsusnya warga jabar, insya Allah waga jabar lebih kompeten dan berwawasan global. 

Nuhun tanggapana pa.. Hatur nuhun 😇🙏",0.0,Optimisme Ekonomi
KDM luar biasa istimewa,0.0,Lain-lain
Pa Abi Hyng damel ijazah SMP sesah milarian damel tulungan pa🤦,0.0,Lain-lain
"Ketika rakyat kecil dibina, diberi ruang, dan dibekali solusi, lahirlah manusia petarung.
Tapi saat kreativitas rakyat dipersempit sementara karpet merah digelar untuk pemodal besar, yang lahir hanya barisan pekerja—bukan penggerak.
Ekonomi yang digantungkan pada satu pengusaha besar rapuh oleh satu keputusan.
Ekonomi yang ditopang ribuan rakyat kecil kuat oleh keberanian hidup.
Negara yang besar bukan yang sibuk membesarkan segelintir,
tapi yang berani menumbuhkan banyak tangan agar sama-sama berdiri.",-1.0,Tuntutan Keadilan
"Kalau ada salah satu perusahaan tidak mengikuti UMSK gimana, bantu jawab ???",0.0,Lain-lain
"Semoga Jawa Barat mampu mempelopori Listrik Mandiri untuk rakyat jabar non industri, sehingga tidak ketergantungan terhadap PLN yang selalu merugi",0.0,Tuntutan Keadilan
"Nah ini benar harusnya PP itu d revisi,,harusnya umks itu ranahnya pengusaha dan buruh,,jd biar pengusaha dan buruh yg negosiasi..",0.0,Tuntutan Keadilan
Gubernur paling cerdas..🔥🔥🔥,0.0,Kebijakan Pemprov
"BURUH  YG DEMO INTINYA TIDAK BERSYUKUR...GAK LIAT  
ORANG YG HIDUP MENGANDALKAN PENGHASILAN HARIAN...SEMOGA 2026 ALLAH SWT MEMBOLAK BALIKAN SEMUA PEKERJA HARIAN DAPAT GAJIH BULANAN DAN BURUH YG DEMO DAPAT GAJI HARIAN YG PEKERJAAN NYA GAK TENTU...KITA AKAN LIHAT SIAPA MANUSIA YG PANDAI BERSYUKUR DALAM HIDUP... GEUS JENUH NEULEU KALAKUAN NU DEMO MIKIRAN BEUTEUNG SORANGAN TEU PADULI KANU KASUSAH JALMA NU SERABUTAN>.?? SARIA MAH GES PASTI TIAP BULAN GABLEG GAJIH CIK MUN DEMO MAKE ADAB HARGAAN JALAN USAHA BATUR TONG SOK NGAGANGGU BARI NGARUSAK...PABRIKNA TUTUP SARIA MEWEK GEURA...???MIKIR...",0.0,Kelayakan Upah
"Sehat selalu pak gubernurrr,,,,, 
Semoga ekonomi Jawa Barat makin tumbuhh",0.0,Kebijakan Pemprov
"tuhhhhhhhhhhh kan kitu pemirsah para buruh mudah2an mendengarkan,menonton penjelasan yang diberikan KDM!!saling mengerti antara pihak perusahaan,karyawan,dan pemangku kebijakan!",0.0,Kelayakan Upah
"Pa KDM mau diserang segala cara untuk menjegal jangan sampai beliau jadi lawan tangguh  si putra mahkota di 2034,insha Allah, beliau amanah dan orang2 yang berpikir melihat bagaimana beliau menjaga gunung hutan perkebunan dari mafia2 yang merusak lingkungan",0.0,Lain-lain
🌊📺🍿🤔👣 ngarah banjir. ... 🍿😁,0.0,Lain-lain
"Aduhhh pa majalengka leutik wae, iraha urang rek nikah na pa, di tinggal kawin deui wae iyeumah",0.0,Lain-lain
mari kita ikut bersedekah dengan cara jangan skip iklan di tayangan nya serta like videonya. jika ada video yang nyinyir KDM lewat beranda mu dislike atau laporkan spam aja. terimakasih,0.0,Lain-lain
"Pokonamah pa haji KDM slalu ada dalam lindungan allah swt,,supaya cita2 terwujud,untuk jabar,,sehat terus pa haji kdm,❤❤❤❤",0.0,Optimisme Ekonomi
Bandung hadir,0.0,Lain-lain
"Maaf pak gub sya kurang setuju. Karna perusahaan tdk mau terbuka ttg keuangan perusahaan. Selalu bilang rugi terus tiap tahun, tapi project terus berjalan.",0.0,Lain-lain
Tetap semangat KDM mereka yg mencaci dan memaki hanya untuk kepentingan sesaat dan sglintir orang.,0.0,Lain-lain
PRESIDEN KSPI KALAU BURUHNYA DI KELUARKAN DIA NGILANG,0.0,Kelayakan Upah
Kdm pemimpin bijaksana ...aamiin,0.0,Lain-lain
"Nah tuh said dengerin , berarti yg boong tuh ketua kspi si said.. wahai para buruh jangan mau kalian di adu domba demi kepentingan individu perorangan dan kalian ditunggangi kepentingan politik.. copot said di didu,, karena tidak bisa bekerja hanya bisa berkoar²,, copot said Didu, kalau tidak di copot saya akan demo ke istana",0.0,Kelayakan Upah
"Kepada IPB University, dengan kekuatan Kapasitas intelektual dan kepasitas riset multidisipliner yg sangat kokoh, Kami minta mulai tahun 2026, agar membuat Pusat Kajian Pengupahan  (UMK/UMP) secara big data, saintifik dan kajian multidisipliner. Minta dukungan dana abadi dari LPDP atau dari CSR BP Danantara. Kekuatan SDM riset quantitatif dan big data IPB sangat menonjol. Hasil kajian tahunannya, agar disampaikan ke PEMERINTAH PUSAT RI untuk menjadi rujukan dan acuan utama, khususnya Kementerian Tenaga Kerja. Supaya pembuatan PP tentang upah ketenagakerjaan berkualitas, sesuai kondisi obyektif industri di masing-masing daerah di Indonesia.",1.0,Kelayakan Upah
Assalamualaikum Kebagusan city Jaksel hadir salam kenal semuanya,0.0,Lain-lain
Tah dengerin bos serikat jangan cuma nuduh gub di hapus umsk.,0.0,Lain-lain
Saat rapat ko di suruh stafnya bertemu pimpinan buruh bukan bapak aing saja yang bertemu,0.0,Kelayakan Upah
"pak gubernur bilang hanya sekemampuan sebagai gubernur 27:58 ,coba sebagai pemegang kekuasaan negara pasti banyak perubahan kemajuan untuk indonesia",0.0,Optimisme Ekonomi
"Menjelang tgl 24- Des- setiap tahun, Kepala Daerah wajib fokus persiapan penetapan UMK/ UMP.Jangan cuti, jangan plesiran non dinas",0.0,Kelayakan Upah
Beratt beratt,0.0,Lain-lain
Saya senang bapak aing sedang berproses untuk memimpin indonesia ke depan.amiin allohumma amiiinnn,0.0,Lain-lain
pak kalo yang orsorsing yang d bawah UMR gimana pak,0.0,Tuntutan Keadilan
"Yang selalu mengkritik kinerja KDM , KEBANYAKAN kok Anak  wan abud yaman ya... 
Coba cex jejak digital mereka... 🙏🏼🙏🏼",0.0,Lain-lain
"Ni orang 3 kaya takut banget d resmikan , secara tidak langsung seperti mereka takut jatah mreka dari perusahaan bakal berkurangg dan dompet mereka tipiss 😂😂",0.0,Lain-lain
Nich harus dengar yg pda demo ini penjelasan nya jangan kalian merasa benar seolah olah KDM yg salah...tetap semangat KDM peminpin cerdas tegas pro rakyat👍👍👍👍,0.0,Tuntutan Keadilan
Majalengka kolot2 banget dengerin itu woiiii Majalengka sabar y kang dedi,0.0,Lain-lain
KDM bapak Aing,0.0,Lain-lain
"Dengarkan itu woiii para penyinyir2 yg punya penyakit hati GK ada lampiran 
Tuhhhh yg demo2 punya kuping gak kalian asal sok2 an demo2 warga Jabar jangan pada diem saja kalau BPK KDM di serang...pak Dedi kalau ngomong bukan asal2an jadi dengerin",0.0,Optimisme Ekonomi
"Assalamualaikum BPK aing BPK Dedy Mulyadi🙏pak Dateng longok k cianjur Langensari kampung nyantoni kec,Karangtengah,jalannyh ruksak pak🙏,longok k kampung kampungnyh pak🙏",0.0,Lain-lain
"Tolong di audit setiap perusahaan pak dedy.
 Karna Di KABUPATEN BEKASI banyak perusahaan yang nakal pak Dedy.",0.0,Lain-lain
"Bapa aing orang baik jujur dan amanah,salam saya dari patok beusi(Subang Pantura)",0.0,Lain-lain
Sepakat akhirnya...👍👍👍,0.0,Lain-lain
Abdi teh penggemar beraaat BPK KDM tp abdi mah teu Acan diwaler ku BPK aing....padahal Nami abdi sami srg BPK mung payun na hungkul abdi mah Dedi hadiat ...sediiiiih 😢,0.0,Lain-lain
Selalu setia hadir dari arab saudi asal cileungsi bogor 🎉🎉,0.0,Lain-lain
❤❤❤,0.0,Lain-lain
Kat Malaysia gaji minimum di tetapkan negara..rincian upah bahagian2 bidang kerja urusan syarikat..,0.0,Kelayakan Upah
Sehat selalu panjang umur banyak rezeki nya dan selalu dalam lindungan Allah SWT kang Dedi Mulyadi gubernur Jawa Barat aamiin ya rabbal alamin Kemayoran hadir.,0.0,Kebijakan Pemprov
Hadir,0.0,Lain-lain
Subhanallah gub Aing cerdas😮 jiwa raja Sunda na nonghol❤,0.0,Lain-lain
"Hadir 
Parunghalang
Andir baleendah
Kab bandung
Kota di tata 
Lembur di urus
Jabar istimewa 
Bapak aink thea 
Wajib 2 priode",0.0,Optimisme Ekonomi
"Intinya pengusaha dan pekerja seharusnya saling membutuhkan yg adil BERMUSYAWARAH,
 jgn perusahaan yg HANYA mencari keuntungan PRIBADI sebesar-besarnya, KRN NEGARA BNYAK MEMBERIKAN KEMUDAHAN KE PERUSAHAAN..., JIKA PERLU PROVINSI MEMBELI SAHAM TIAP PERUSAHAAN...",1.0,Tuntutan Keadilan
Wawasaan bapa aink emang luar biasa...segala bidang menguasai.adil dan bijaksana🫶,0.0,Tuntutan Keadilan
"Inilah alasan kenapa gubernur harus orang pintar. 
Saya warga jateng merasa bangga kepada KDM. 
gubernur jateng???",0.0,Kebijakan Pemprov
"PAK PRABOWO, MAAF KECERDASAN ANDA DAN MENTRI"" ANDA SANGAT DI BAWAH KECERDASAN RAJA SUNDA !!",0.0,Tuntutan Keadilan
Mantap kang dedi...,0.0,Lain-lain
"Bapa aing tetap sehat dan menyalah jgan dgr orang ""yg hina. Dan nyingkir yg penting Alloh ridho kolou Alloh ridho semua yg ada di dunia pasti menerima kebijakan KDM salama BP aing amanah semangat trs kdm❤💪",0.0,Kebijakan Pemprov
Mana pas siridwal Kamil sampai detil bngt mslh buruh.bln yng lainnya terbuka semuanya.mantap kdm,0.0,Kelayakan Upah
PAT GULIPAT..OTOT AING OTOT KAWAT..JAWABARAT KUAT KARENA BAPA AING  HEBAT DICINTAI RAKYAT,0.0,Tuntutan Keadilan
"Saran saya samperin pa itu ketua dari partai buruh ,,
Terus rekam biar semua orang tau 
Dan jelaskan secara rinci 
..
Biar ga di bilang pecundang sama para oposisi ,,",0.0,Kelayakan Upah
"Ohhhhh pemerintah mau dijadikan tumbal toh...ternyata sehrsnya pengusaha dan serikat duduk bareng nentukan angka dgn rumusan dr pemerintah, bukan serikat buruh yg seenaknya ngasi angka, pada kabur atau tutup perusahaan kalo ngikutin kemauan buruh mah..cemerlang KDM",0.0,Tuntutan Keadilan
Dari semenjak pak KDM kuliah beliau sudah terlibat dengan pemburuhan jadi paham dengan masalah ini,0.0,Kelayakan Upah
Sangat sangat cerdas bapak aing,0.0,Lain-lain
Kurang bijaksana gimana coba Hai buruh....,-1.0,Kelayakan Upah
Majalengka hadir,0.0,Lain-lain
SALAM SAKING JATENG ❤❤❤..,0.0,Lain-lain
Masyarakat jadi tau tentang politik upah,0.0,Kelayakan Upah
"Pak tolong ditindak lanjuti ke perusahaan tempat kami bekerja di kabupaten Bogor, PT sinar cemerlang platindo yang memberikan upah ke pekerjaan yang sangat minim hanya 60 - 70/hari,tidak pernah ada kenaikan upah tahunan, itupun bbrp bulan terakhir gaji kami dicicil 3-4 kali perbulan,mohon KA bapa aing tindak lanjuti perusahaan tersebut 🙏",1.0,Kelayakan Upah
🐅⭐👍👍⭐⭐⭐🐅⭐⭐⭐,0.0,Lain-lain
Sangat luar biasa ...cerdas langsung sat set sat set,0.0,Lain-lain
perumahan dinar lestari garut ada tambang ilegal pak. tolong di hentikan di google map sampe bolong gitu bukitnya 😡😡😡,0.0,Biaya Sewa
"Bnyk penganggurn dn PHK gegara si SAID....Ayolh para buruh,,,brsyukur dri yg kcil dlu.Msih bnyk tmn2 kita yg msh ssh mndptkn pkrjaan.",0.0,Kelayakan Upah
Mantap gubernur dengan bgini seluruh rakyat Jawa barat bisa faham dan d ajak rapat pemerintahann,0.0,Tuntutan Keadilan
Kang dedi menyala 🔥🔥🔥🔥🔥😅😅😅❤❤❤❤❤,0.0,Lain-lain
"PAK KDM itu GUBERNUR merangkap  MENTERI sosial+MENTERI TENAGA KERJA+MENTERI  kehutanan+MENTERI hukum dan ham+MENTERI Lingkungan HIDUPI+MENTERI AGAMA,,,SEMUA itu KDM bisa menyelesaikannyah,,,,MANTAAP KDM....hadir JAKARTA+BANTEN",0.0,Optimisme Ekonomi
"UMK/UMSK untuk pekerja 0thn, kenyataan nya? Bahkan ada sistem magang yg sudah masip upahnya di bawah UMK/UMSK parah lagi tidak mendapatkan jamninan kesehatan (bayar mandiri). Pentingnya serikat pekerja di perusahaan menjadi kontrol (kaki pemerintah) terhadap perusahaan yg nakal.",0.0,Tuntutan Keadilan
bandung selatan >> hadir,0.0,Lain-lain
Smoga sht sllu pa gubernur KDM..msh trs di cari selanya buat menjegal pa gubernur KDM..smpai kaum buruh pun di gunakan sbagai kendaraannya..memang indonesia ini terlalu bnyk orang rakus..penghianat bngsa dan tidak senang klu jabar ini maju..,0.0,Kelayakan Upah
Jatim hadir,0.0,Lain-lain
"Wahai para buruh yang demo coba simak baik-baik video ini,biar tidak salah paham terhadap Gubernur,dan jangan mau di tumpangi oknum elit politik yang ingin menjatuhkan Bapak Aing KDM",0.0,Kelayakan Upah
"Kab.bekasi masih banyak outsourcing pak, dan banyak pekerja Mash bnyak harian dan borongan padahal sudah punya gelar PT bukan CV 😂, tolong di bantu pak",0.0,Optimisme Ekonomi
"Saya KECEWA ke KDM, KDM terlalu mudah  ngasi panggung sama yg menghina, laen kali saya dan netizen lain pun bisa dong menghina KDM dan berharap dipanggil. Tinggal minta maaf lalu berharap dikasi duit SEGEPOK",0.0,Lain-lain
Mantap saya selaku buruh merasa bersukur atas kenaikan upah thn sekarang di banding THN 2024 lanjut PK kdm❤,1.0,Tuntutan Keadilan
"Waw.. Beruntung ada gubernur konten.. Berkat nonton channel❤❤KDM❤❤bisa menambah pengetahuan.... 



❤❤I love KDM❤❤",0.0,Kebijakan Pemprov
Pelan pelan rapi,0.0,Lain-lain
kabupaten bandung gimna,0.0,Lain-lain
"Nyimak KDMserasa aku jadi pejabat jadi tahu macam mana kerja pejabat terdahulu.
Love KDM ❤❤❤❤❤",0.0,Optimisme Ekonomi
Bekasi hadir semoga bapa aing sehat selalu  dan terus semangat untuk membuat jabar istimewa,0.0,Optimisme Ekonomi
"Top bapa aingmh pokonamah,makannya buat para pendemo mending datang baik baik dialog dengan kepala dingin ,jangan sampe demo ngerusak pasilitas umum",0.0,Harga Pangan
"KSPI Hanya Memeras buruh, KSPI di gaji dari iuran Buruh, KSPI Cuma Ngomong tuntutan doang pada pemerintah, tapi Ngak pernah membantu membela buruh pada saat pabrik pada Pindah. apakah KSPI pernah menuntut Pabrik atau pengusaha. KSPI sekarang organisasi Politik",0.0,Tuntutan Keadilan
"Hukum ekonomi, kalau yang dibutuhkan sedikit  ketersediaan banyak harga murah.Gaji kecil karena pekerjaan nya banyak orang bisa, bersyukur atuh apat kerja. PT gak terlalu butuh buruh justru buruh butuh pt. PT tinggal buka lowongan kerja 1 posisi yang melamar bisa ratusan ribuan kali . Kalau mau gaji besar , pekerjaan yang di butuhkan banyak ketersediaan sedikit pasti mahal bayaran nya .",-2.0,Harga Pangan
"Betul sekali, harus imbang, bukan memihak buruh dan pengusaha, karena pemerintah juga berkepentingan soal pemasukan pajak dari sektor industri.. Intinya pekerja buruh masih bisa bekerja dapat gaji, dan perusahaan masih tetap beroperasi..andaikan perusahaan banyak yg cabut  pindah ke provinsi lain atau bangkrut , banyak pengangguran dan itu masalah sosial lagi.. Di syukuri ajalah, di atur sedemikian rupa buat hidup satu bulan",0.0,Tuntutan Keadilan
"Ketika manusia meninggal dunia, maka terputus sudah amal jariahnya kecuali tiga perkara yakni: sedekah jariyah, ilmu bermanfaat dan doa anak yang sholeh.
Pak KDM selalu sedekah jariyah PD orang TDK mampu, orang tua, dll.
Selain itu, konten2nya adalah ilmu yang bermanfaat untuk masyarakat dan Para pemimpin di negeri ini, yang bisa jadi acuan pemda2 lain untuk mengaplikasikan di daerahnya. Semoga anak2 Pak KDM juga menjadi anak2 yg Sholeh. Indonesia bangga punya KDM
""KING Dedi Mulyadi ""
😃👍👍🏆🏆🎉🎉♥️♥️",0.0,Lain-lain
Assalamu'alaikum pa gubernur Langensari Banjar jawa barat hadir,0.0,Kebijakan Pemprov
Kalo pa KDM jadi presiden tolong yh di bunu dan di manpuskan adalah si Said Ikbal,0.0,Lain-lain
Bpk Aing selamanya 👍👍,0.0,Lain-lain
"Pak apakah bnr bikin sertipikat tanah hars ada 7 juta?saya dari desa sumurgede kab karawang kec cilamaya kulon pak, tolong bantuin saya pak saya d tagih terus sama pihak desa nya, pdhl saya gak niat bikin sertipikat tanah karna blm punya uang, tp knpa skrng pihak desa nagih ters ke saya, tolongin saya pak",0.0,Lain-lain
Gubernurku tercinta semoga sehat selalu dan panjang umur❤❤❤,0.0,Kebijakan Pemprov
"Pa dedi, untuk prihal masuk kerja tolong perusahaan hapus kan syarat masuk kerja slik/BI Ceking hrs bagus, hapus persyaratan tersebut pak kasian jd nambah susah cari kerja",0.0,Optimisme Ekonomi
"Jd males skrg ngikutin Chanel ini ,,ragara yg gajih nya 10jt malah d ksih amplop 😅😅 mana udh menghina lagi ...JD gtu aturan main nya kalo pengen amplop harus ngehina dlu",0.0,Kelayakan Upah
"Pa dedi, untuk prihal masuk kerja tolong perusahaan hapus kan syarat masuk kerja slik/BI Ceking hrs bagus, hapus persyaratan tersebut pak kasian jd nambah susah cari kerja",0.0,Optimisme Ekonomi
"Kalo gubernurnya gk cerdas dan gk paham seluk beluk pemerintahan, pasti udah kena fitnah dan masyarakat akan ikut ikutan demo 😂",0.0,Kebijakan Pemprov
"Pa dedi, untuk prihal masuk kerja tolong perusahaan hapus kan syarat masuk kerja slik/BI Ceking hrs bagus, hapus persyaratan tersebut pak kasian jd nambah susah cari kerja",0.0,Optimisme Ekonomi
Assalamualaikum bapak aing idola aing poko nmh sht sht bpk salm dari nak rntw ksa mkkh 🎉❤,0.0,Lain-lain
Pak Deddy tolong sidak perusahaan garmen ilegal di Bandung yang tidak bayar pajak,0.0,Lain-lain
Said iqbal mah memanfaatkan buruh untuk kepentingan politik dia,0.0,Kelayakan Upah
Mau cari pemimpin yang bagaimana lagi kalian para Buruh?? Mau yg kyk RK lagi?😂,0.0,Kelayakan Upah
"Assalamualaikum Baraya Sunda sadayana, sampurasun abdi wargi jabar NU aya di Pelalawan Riau ayaaaaaaaaaa hadiiiiiiiirrrrrrt 👌👌👌❤❤❤",0.0,Optimisme Ekonomi
Sampurasun. Salam baktos ti pribados Jaka Rasa ka Papayung Agung tatar Sunda pangersa Bapak Aing KDM Raja Pajajaran Anyar Raden Bagus Prabu Pameresan. 👃👃,0.0,Lain-lain
Masalah Apapun Kalau Sudah Musyawarah dg KDM pasti Selesai.,0.0,Lain-lain
Sehat selalu bapak aing ❤❤❤❤,0.0,Lain-lain
"Saya juga heran pak dedi, sy juga heran sm perkerja yg kurang bersyukur sdh d perjuangin sm pak dedi, klu mau gaji lebih tinggi ya jadi TKI aja, kita aja yg pengen banget dpt kerja susah amat, Orang-orang ini sdh dpt kerja dengan gaji sesuai ketentuan di Indonesia msh aja gak ada bersyukur'ya .. Ganti aja pak dedi sm orang-orang yg bener2 pengen kerja.... Gila gaji di atas 5 juta ke atas msh aja nuntut ke naikkan gaji... Lier aing mah sama orang yg gak bersyukur... 😂",0.0,Tuntutan Keadilan
"Bijaksana bgt sumpah, bener² contoh buat para pemimpin dimanapun 😊 
Semoga kita semuanya dpt memahami apa yg d sampaikan beliau bapa aing 😍😎🙏🏻",0.0,Kelayakan Upah
"Sing sehat, salamet, panjang yuswa, pak Dedi",0.0,Lain-lain
Assalamualaikum warahmatullahi wabarokatu 🙏 sampurasun 🙏 Masya Allah Tabaraka Allah klu dgn bpk Aing KDM Gub aappun problem y selalu cepat d tangani dn selalu beres tidak lama dn tidak harus segala macam yg bikin ribet bikin lama dn bijin tidak selesai satu hari ..ini lah kehebatan bpk Aing KDM..coba klu saja Gubernur y seoerti KDM bpk Aing mungkin Indonesia akan menjadi Makmur sejahtera aman nyaman damai tentram.. Indonesia Emas.. do'a terbaik buat KDM bpk Aing Gub selalu dalam lindungan Allah SWT sehat selalu panjang umur murah rezeki y sukses selalu buat rakyat Jabar khusus y Indonesia umum y 🤲🤲🤲🙏🙏♥️♥️♥️🇮🇩🇸🇦🕋😍🥰😘💪👍💯 Jeddah Saudi Arabia selalu hadir 🎉❤,0.0,Tuntutan Keadilan
"Pemikiran pak Gub KDM cerdas dan rasional tp berbenturan dgn PP ketenagakerjaan, selama ini buruh sangat potensial sebagai alat politik. Yg pernah aktif pasti paham😊",0.0,Kelayakan Upah
Hebat bapak aing mah.,0.0,Lain-lain
"Bagaimana pengusaha gk gulung tikar,,,pajak naik terus,,pekerja juga pngen naik gaji,,sedangkan pemerintah ya ngurusin perut sendiri,,ancur ancur,,,gk lma lgi",1.0,Tuntutan Keadilan
"Pokona nu demo kamari mah,
Di tunggangi ku lawan politik nu eleh ngalawan bapak aing,",0.0,Lain-lain
Hadir bapak aing 🖐️,0.0,Lain-lain
Mantap bapak❤,0.0,Lain-lain
"Pindah aja perusahaan ke jateng.. Sekarang 2 jutaan pekerja nya gak banyak protes 
Naikin dikit jadi 3jt dah anteng itu 😅😅😅😅

Pemerintah gak bisa ikut campur 
Itu ranah perusahaan
 dan karyawan...  


Kalo saya yg punya perusahaan tak pecat itu smua buruh yg dikit"" demo",1.0,Kelayakan Upah
Sehat sehat raja ❤,0.0,Lain-lain
"Sehat"" selalu kdm",0.0,Lain-lain
Asmlkm cikarang utara hadir pak gubernur,0.0,Kebijakan Pemprov
Fakta di lapangan ada beberapa perusahaan sewenang wenang dan buruh jg takut kehilangan perusahaan makanya banyak perusahaan serikagnya di bungkamdm,0.0,Harga Pangan
Jabar istimewa mewa berkat Bp aing,0.0,Optimisme Ekonomi
Mantap rapat y terbuka jadi beli jelas,0.0,Lain-lain
Ijin bapa aing .tolong gji satpam naekin juga .satpam smk negri 1 rengasdengklok,0.0,Lain-lain
Pa dedi iye di lembur urg pembagian BLT peting2 😂,0.0,Lain-lain
"keren memang ini KDM
saya yg berasal dari Jawa Tengah saja mengakui dengan penuh dan sadar, bahwa KDM memang pantas menjadi Panutan serta memimpin Indonesia diwaktu yang mendatang 🎉",0.0,Harga Pangan
"Buruh Elit main Politik, yg makin kaya presiden buruh dan cecunguknya.",0.0,Kelayakan Upah
"Kasus saya jual beli tanah di kabupaten Sumedang Pak,sepertinya calo tanahnya mau menipu saya,tapi pengaduannya blm ditetima pdhl saya datang dari kutoarjo selain pingin ketemu Bpk karna Idolaku,saya juga mau minta tolong menyelesaikan masalah jual beli tanah,tapi semua hadilnya nol ,lemes Bapak 2hari g bethasil😭😭😭😭😭",0.0,Tuntutan Keadilan
"Gimana nih pabrik vinvest di Subang kok malah didemo,apa warga Jabar gak mau ada investor masuk Jabar ya",0.0,Optimisme Ekonomi
"KDM sudah selesai dengan dirinya sendiri, menjadi pejabat negara yang benar-benar bekerja untuk kepentingan masyarakat cerdas tangkas cepat tanggap taktis jujur amanah semoga sehat panjang umur KDM sehat selalu berkah barokah aamiin ❤🎉",0.0,Optimisme Ekonomi
Sayah doakan mudah mudahan ga ada dusta di antara kita,0.0,Lain-lain
"Klo demo bgini trus pengusaha juga tdk akan tinggal diam krna keuntungan semakin berkurang, produksi hrs berjalan sementara tuntutan trus berkelanjutan, maka robotic/AI akan digunakan perlahan-lahan utk menggantikan manusia disemua sektoral industrial. Walhasil demo demo buruh itu sebenarnya mempercepat penggunaan robotik/AI. Salam akal sehat",-1.0,Tuntutan Keadilan
Pak saya minta jalan katapang andir di kab bandung tolong di aspal lagi udah rusak parah,0.0,Lain-lain
"Belum setahun tapi sudah kerasa banget manfaat kdm ini.
Bagaimana kalo 10 tahun ?.",0.0,Lain-lain
Sukabumi cikembar Sukamantri hadir,0.0,Lain-lain
"KSPI pengennya investor pada kabur sehingga bisa berdampak buruk pada citra bapa aing KDM....mengajak/memaksa para buruh tuk nuntut ke pa GUB....seolah"" bapa aing tidak memperhatikan mereka....
Buruh harusnya bersukur....lihat ojol yg pendapatannya ga jelas tapi tetep hapi karna selalu bersyukur.....",0.0,Kelayakan Upah
"Sungguh bijak KDM ITU,tgl 22-23des saya datang ke L Pakuan dg tujuan ingin KETEMU KDM DAN ADA PENGADUAN MASALAH HUKUM(JUAL BELI TANAH TAPI SEPERTI ADA MODUS PENIPUAN),,,TAPI HASIL PENGADUAN BELUM DITERIMA DAN KDM ❤❤❤❤❤❤❤❤❤ JUGA GAK BERTEMU,SEDIH BAPAK SAYA G BISA KETEMU BAPAK,DATANG DARI KUTOARJO SAMPAI L PAKUAN LUMAYAN JAUH SEDANG UANG PAS2AN HAMPIR G BISA PULANG KARNA KEHABISAN ONGKOS.PAK DEDY SAYA TETAP AMBISI INGIN KETEMU BPK🙏",0.0,Biaya Sewa
"Begitulah manusia. 
Sudah punya gajih tetap masih saja kurang . Walaupun upah berapa saja nggak bakal merasakan cukup. 
Karena selalu menuruti hawa nafsunya. Dan kurang bersyukur.",-1.0,Kelayakan Upah
Panggil lagi sahara dan keluarga pak... Kasian tertekan dengan ulah pak Mim😂,0.0,Lain-lain
Majalengka hadir,0.0,Lain-lain
"KDM adalah Standart Pimpinan Daerah (Gubernur, Bupati) yang ada di Indonesia",0.0,Kebijakan Pemprov
"mantap pak kerja cepat tepat dan cerdas
 walaupun banyak yg bilang gubernur konten 
tapi lewat konten nya semua orang banyak yg tau informasi yg tepat
salam dari pontianak",0.0,Optimisme Ekonomi
Presiden buruh denger nih.  Anda sudah memfitnah KDM ...,0.0,Kelayakan Upah
"Karena cara memipinya tidak punya kepentingan pribadi atau golongan maka semuanya harus di selamatkan pekerja harus di beri kelayakan upah dan pihak pengusaha juga di beri ruang untuk bisa mengembangkan usahanya ,, MANTAB",1.0,Tuntutan Keadilan
Gubernur hanya KDM yang segalanya Transparan,0.0,Kebijakan Pemprov
"Saduluuuuuur jgn main"" tuduh kpd Bp Aing sy dr Tegal Jateng sj percaya kok org Jabar malah ga tanya dulu lgsg tuduh jgn"" ............. 😂😂😂",0.0,Optimisme Ekonomi
LMPUNG HDR ❤❤❤❤ KDM,0.0,Lain-lain
Hadir,0.0,Lain-lain
"pejabaT Yg baik, ikhlas dan Tulus serta Jujur seprT KDM Tu paling suLiT d temukan
sosok pemimpin Yg Luar biasa",0.0,Lain-lain
"Gelagapan ditanya""nya",0.0,Lain-lain
Asalm selalu hadir dubyyy,0.0,Lain-lain
Malaysia hadir bapa aing sehat selalu,0.0,Lain-lain
"""Hanya Kang Dedi yang konsisten hadir di tengah persoalan pelik seperti UMSK ini. Solusi yang diberikan selalu masuk akal dan tetap memanusiakan manusia. Terus berjuang untuk rakyat kecil, Kang!""",0.0,Tuntutan Keadilan
"Penduduk Jabar Lebih dari 50juta penduduk kok yang suscriber KDM cuma 8,71jt malah kebanyakan orang luar dr jabar yg suscribe 😅",0.0,Optimisme Ekonomi
Kdm memang mumpuni dalm segala hal,0.0,Kelayakan Upah
"BAPAK AING..UNDANG BAPAK CAMAT DAN BAPAK LURAH YG UDAH NGEPRANK WAKIL BUPATI BEKASI PAS SIDAK TEMPAT PEMBUANGAN SAMPAH. KATA PAK CAMAT VIDEO YG VIRAL ITU VIDEO LAMA.
UNTUNG DISANA BANYAK KONTEN KREATOR YG NGASIH TAU KL LOKASINYA BUKAN ITU.
DAN LOKASINYA DIJAGA MA ORMAS.
KITA PENGEN TAU KENAPA KOK BISA  NUNJUKIN LOKASI YG BUKAN DI VIDEOIN. DAN KENAPA LOKASI TPS YG VIRAL DIJAGA ORMAS.",0.0,Lain-lain
"Pak undang jg tuh presiden partai buruh yg sudah mulai menyerang personal, coba ajak ngobrol pak kita masyarakat kepengen liat,  sesuai ga sama ucapan ""nya",0.0,Kelayakan Upah
Maka.jalilnlah kerjasama yg lurus antara buruh/karyawan dan perusahaan/pabrik/industri ... realistis dan manusiawi..tidak ada tipu2. Tidak ada yg Makan tulang kawan..,0.0,Harga Pangan
"*LEMBUR* di urus *KOTA* di tata *JABAR ISTIMEWA*
*BAPAK AING TEA 2 PERIODE*",0.0,Optimisme Ekonomi
Mantap pak Dedy langsung panggil..... pejabat yang berwenang jadi ketauan pejabat lemahnya cara bekerja nya,0.0,Optimisme Ekonomi
"Betul kata pak Dedi... Sebaiknya upah itu provinsi cuman menentukan angka standar . Finalisasinya itu kesepakatan antara buruh dan perusahaan yg diawasi pemerintah.. karena kalau provinsi yg menentukan.. perusahan yg lagi lesu terjadi PHK , tekanan kerja yg gak masuk akal , bahkan menyatakan pailit.. klo yg untung besar senyum2 aja klo upah rendah ❤",0.0,Kelayakan Upah
👏👏👏👍👍👍💪💪💪🙏🙏🙏,0.0,Lain-lain
❤❤❤❤❤❤❤,0.0,Lain-lain
Kaum awam dulu tidak tahu hal spt ini dan akhirnya nya jadi tahu edukasi wawasan mencerdaskan bangsa,0.0,Lain-lain
"Biar si said Iqbal yang buka usaha dan gajih kariawan nya sesuai permintaan kariawan , giliran ada perusahaan yang out dan mengakibatkan PHK,si said Iqbal apakah bisa memenuhi kebutuhan untuk kariawan yang di-PHK, pasti zonk",0.0,Kelayakan Upah
"Pokoknya gk ada pejabat
Pemimpin sekeren Bapak Aing KDM hebat luar biasa Kebanggaan warga Jabar ❤❤❤",0.0,Optimisme Ekonomi
"Bisa aja Buruh di Gaji 100Jt/ Bulan tapi Dalam 3 Hari Pabriknya Pindah Ke Vietnam 😂😂
Dan Siap-siap PHK masal Kalau Bagi Gubernur ingin Buruh Gaji nya Tinggi Tapi Perusahaan Mampu membayar nggak, Jadi di sini Harus di Liat Dalam dua sisi",0.0,Kelayakan Upah
Assallamualaikum pak gubernur ikutan hadir rapat meskipun aku bukan karyawan sekedar pengen tau aja Langsung dari penjelasan dari pak gubernur  wassallam terima kasih.,0.0,Kebijakan Pemprov
"Buruh mau sesuai resiko kerja,bos nya tak mau,😢ujungnya ngancam pindah,derita buruh😢",0.0,Kelayakan Upah
Semua masalah bisa di selesaikan KDM. cerdas banget ya bapa aing semua masalah dia paham. ❤,0.0,Lain-lain
Lebih baik jgn memaksakan dan terima saja sesuai kemampuan perusahaan..krn klu dipaksakan bisa² bangkrut dan jadi pengangguran,0.0,Lain-lain
Bupati  Purwakarta om Jen ternyata kurang mengikuti arahan kdm mau bermain di belqkang,0.0,Lain-lain
Aslm pak kdm lubuk Linggau hadir sehat selalu kang dedi,0.0,Lain-lain
SELALU hadir garut cibatu,0.0,Lain-lain
"Cerdas KDM....benar logikanya kdm ini....pemerintah pusat menetapkan Rumusan pengupahan....namun nilai alfa (kontanta?) ditetapkan oleh pihak buruh (Serikat Pekerja) dengan Pihak Perusahaan (Bipartit).
Rumusan pengupahan harus bersifat fleksibel mengikuti kondisi keuangan ( untung/rugi) petusahaan......👍",0.0,Kelayakan Upah
Assalamualaikum ini baru gubernur yang memikirkan rakyat kerjanya nyata dari jalan yg mulus dan membangunkan rumah yang terdampak bencana makasih banyak Bp KDM ❤❤❤🤲🏻🤲🏻🤲🏻🤲🏻,0.0,Tuntutan Keadilan
"Tah darengekeun ku jalma nu tukang demo, cik atuh sagala rupa teh ulah sok bari aremosi, kurang kumaha gubernur mah transparan dina sagala rupa urusan oge.",0.0,Kebijakan Pemprov
"orang kalau sdh slese dng dirinya ya KDM.. jd apapun itu beliau slalu tegak lurus, jd tdk ada beban politik dan hutang dng orang, skrg orang yg macam2 dan tukang tipu kpd rakyat akan slalu gerah melihat kebijakan KDM.. Insya Allah KDM tdk bisa terbeli walau itu diberikan uang segunung..",0.0,Tuntutan Keadilan
KDM gubernur yang terbaik se-Indonesia 🔥👍👍👍,0.0,Kebijakan Pemprov
Opsen gmn woy.. korupsi terselubung tuh.. kdm harus klarifikasi kenyataannya opsen di bebankan juga ke rakyat .dulu katanya hanya pemisahan pembagian pajak ke pusat dan daerah tp nyatanya berbeda..terus terang sy kecewa statement pejabat berbeda dengan keadaan sebenarnya,0.0,Tuntutan Keadilan
SAE,0.0,Lain-lain
Ciparay hadir ☝️,0.0,Lain-lain
🐅⭐👍👍⭐⭐⭐🐅⭐⭐⭐,0.0,Lain-lain
"tah dangu ! sesuai fakta, tong ngadengeken isu ai saria",0.0,Lain-lain
Assalamualaikum wr wb bpk Gubernur Jawa Barat 🙏 salam sejahtera sehat selalu dan semoga sukses terus 👍💪💪😍,0.0,Optimisme Ekonomi
Makanya buruh gajinya GK naik2 karna perusahaan KLO ad pencalonan gubernur memberi modal dan dukungan setelah terpilih gubernur nya terjerat politik  GK bisa naikan gaji,2.0,Harga Pangan
Welllll Welll Welll PK kdm,0.0,Lain-lain
Kab Bandung gimama pak,0.0,Lain-lain
"Gas terus KDM jangan kendor, mereka yg terailuasi dgn politik 2029 takut kesaing calon PRESIDEN, makanya Bapak Aing tetep Guberbur  dua periode di JABAR aja.
Biar rakyat Jabar sejahtera dulu.",0.0,Harga Pangan
Sampurasun wargi jabar cilangkara serang baru hadirr.,0.0,Optimisme Ekonomi
"Minta gaji besar, perusahaan kolaps, PHK karyawan, dan akhirnya pengangguran bertambah bnyk 🤦",0.0,Kelayakan Upah
"Iluan miting pak, najan teu menang UMK Komo umsk tengarti",0.0,Kelayakan Upah
Pemimpin yang sesungguhnya tegak lurus dalam bekerja.,0.0,Optimisme Ekonomi
Keinginan apindo upah murah keinginan butuh upah gede keinginan pemerintah buruh dan pengusaha jalan,0.0,Tuntutan Keadilan
"Harus nya buruh tonton nih, udah gak terbuka gimana gubernur jabar super transparan begini, kita jadi tahu dan ngerti tentang pengupahan,, saya yang awam aja jadi ngerti, apindo aja mempercayakan dan ikut gubernur",0.0,Kelayakan Upah
MAJALENGKA biaya hidup sama dengan Jabodetabek UMK 2jt/bulan untuk 9jam kerja/hari dan 54jam kerja/Minggu 😢,0.0,Kelayakan Upah
"Gubernur paling cerdas di seluruh indonesia, mungkin dunia,bapak aing mantap jiwa",0.0,Kebijakan Pemprov
Masyaallah panutanku Sehat selalu 🤲,0.0,Lain-lain
jombang jatim selalu mendukung KDM,0.0,Lain-lain
"Salam,dari SERANG-BANTEN 😊",0.0,Lain-lain
"Soal gaji itu urusan perusahaan n pekerja, pemerintah tingkat provinsi serta kabupaten/kota hanya menetapkan tingkat kelayakan hidup di beberapa daerah bukan menetapkan detail yg harus dibyar perusahaan ke karyawannya, karena itu bukan kewenangan gubernur. Karena KDM hanya bisa menetapkan standart hidup layak bagi buruh sesuai dgn kemampuan perusahaan tersebut. Tau cara merumuskan soal ump n umsk dl serta kewenangan gubernurnya smp mana 🙏🙏",1.0,Kelayakan Upah
Noh kasus ormas mintak jata sama ivestor noh  urus  KSPI gak ada lapangan kerja triak triak terus ada investor malah kalian usikk kurang apa si KDM ini jangan percaya lebaga lembaga itu lembaga gak ada guna itu kalau ada  kenaikan gaji ajh  ada dia tapi kalau karyawan ada masala hilangg gak tanggung jawaab,0.0,Harga Pangan
Kdm sungguh cerdas,0.0,Lain-lain
indramayu hadir,0.0,Lain-lain
Hadir,0.0,Lain-lain
Probolinggo jatim hadir... Pak dedi...,0.0,Lain-lain
InsyaAlloh KDM tetap istiqomah. Aamiin,0.0,Lain-lain
"Vidio ini jelas sekali Makna sosial nya: MENCERDASKAN KEHIDUPAN BANGSA.

Kita masyarakat jadi tau ,terang benderang rumusan nya.
Dan bapak aing jelas ikut andil dalam penetapan tersebut.",0.0,Lain-lain
Lembaga kocak pak kok di percayaaa  😂😂😂😂😂,0.0,Lain-lain
Enak jaman Soeharto kenaikan gajih TDK diikuti dgn kenaikan harga sembako dll termasuk BBM,1.0,Harga Pangan
Bung said iqbal makin panas ni😂😂. D kootenkan lg wkwk.. suka hati pak gubernur lah mau d kontenkan apa ngak.. toh hasil y buat masyarakat jg,0.0,Kebijakan Pemprov
Tayangan yg sangat mengedukasi... 👍🙏,0.0,Lain-lain
Subang gmn bapa,0.0,Lain-lain
Semoga sehat-sehat selalu KDM,0.0,Lain-lain
Mantab gubernur aing,0.0,Kebijakan Pemprov
"Sehat selalu bapak aing gubernur terbaik di Indonesia dan tetap semangat memimpin Jawa Barat istimewa 2 periode langsung, bapak aing gubernur cerdas dan merakyat krja nyata",0.0,Tuntutan Keadilan
"saya supir pribadi orang asing,di salah satu kabupaten.upah jauh di bawah UMR.gaji cuma 2,5 jt.kalau minta naik gaji, jawab nya ""KALAU MAU GAJI SEGITU, KERJAIN .KALAU GAK MAU KELUAR SAJA.MASIH BANYAK YANG ANTRI CARI KERJA"". kalau bos sudah ngomong begitu,mau gimana lagi.cuma menelan ludah.apalagi umur sudah tua,cari kerja susah.daripada nganggur.syukuri saja.cukup tidak cukup,yg penting ada garam.",1.0,Tuntutan Keadilan
politiknamah jadi pemimpinna karna tandem merrren,0.0,Lain-lain
"Woy para Serikat buruh liat nih rapat Rekonsiliasinya di tayangankan KDM terbuka,, di sini pun para pengusaha dll bnyk yang tidak setuju jadi jangan salahkan Gubernur doang harusnya presiden  buruh dan Serikat itu harus berkodinasi lagi dengan pengusahanya masing-masing biar ada solusi kalau Gubernur main naikan gaji tapi perusahaan tidak setuju dan memilih pindah ke daerah lain kalau begitu siapa yang mau disalahkan pasti Gubernur lagi bukan Serikat dan presiden buruh yang kekeuh pengen naik gaji..",2.0,Tuntutan Keadilan
"Wahai saudaraku Para Buruh di negri ini  klau boleh sy sarankan tetap tenang trima dulu rizqi yg sdr"" ku trima dr gajih skg.krn sdh dr dulu kita para Buruh phk yg lemah dr sgl bidang. Lemah di mata hukum .lemah dlm negoisasi  krn byk yg bela pengusaha drpd bela nasib Buruh . walau byk organisasi buruh tp sampe skg kalian th kan hslnya. Trima dulu  keadaan  skg jgn ikut"" an demo yg akhirnya di phk  jd susah hidupmu dg kelg mu.
Byk bersyukur dan  perbaiki ahlak byk berdoa agar ALLAH SWT segera menurunkan pemimpin yg Amanah agar rakyat sejahtera🙏🙏🙏🙏🙏🙏",1.0,Tuntutan Keadilan
Mantap Bapak Aing.. gubernur multi talenta.. semuanya dikuasai,0.0,Kebijakan Pemprov
"Tah dangukeun KA regep ku nyalira para pendemo, teriak-teriak demo Baruk Jeung cenah, katanya-katamya tanpa konfirmasi heula KA gubernur KDM...
Cek Islam namah Tabayyun",0.0,Kebijakan Pemprov
Kdm is the best,0.0,Lain-lain
"Assalamualaikum, punten pa hanya info, sepanjang jalan cikampek-patrol indramayu, jalur pantura lampu penerangan jalan tidak menyala. Nuhun",0.0,Lain-lain
Meski umk g naik tp apa2 murah ya aman ..sembako murah...ekonomi jalan. Wah itu lebih dr rasa syukur❤,1.0,Harga Pangan
Pemimpin yg cerdas bp aing mh tapi banyak pembencinya,0.0,Lain-lain
"Asslm, sampurasun ijin🙏. Kalo bisa atensinya untuk perubahan atau di revisi UUD KETENAGAKERJAAN THN 2003 supaya para buruh dapat keadilan dll di tempat kerja. Dan supaya para pengusaha pengusaha di Indonesia juga bersikap adil kepada para pekerja nya.intinya WIN WIN SOLUSI. Semoga analisa saya di dengar pemerintah pusat di jakarta. Merdeka 45🔥🔥🔥🔥🔥🔥🔥🔥.",1.0,Tuntutan Keadilan
Selalu komen,0.0,Lain-lain
TEGAS DONG PAK GUBERNUR JNG LOYO TERHADAP PENDEMO2.....JADINYA RAKYAT PD NGELUNJAK PAK,0.0,Tuntutan Keadilan
Bpk Aing is the best..Salam dari DKI JAKARTA...pola pikir yg luar biasa,0.0,Lain-lain
Cerdas Hati & Cerdas Fikiran Kang Dedi.... Sehat selalu Kang... Istiqomah dlm Kebaikan....❤,0.0,Lain-lain
Rumpin bogor hadir,0.0,Kelayakan Upah
Raja Aing Bapak Aing Raja Gunung panutan rakyat NKRI KDM ❤❤❤❤❤❤,0.0,Tuntutan Keadilan
"Akhirnya kebenarannya terungkap,, kasihan KDM selalu aja jadi korban tuduhan palsu atau fitnah",0.0,Lain-lain
"TAH DENGEKEUN KU BURUH NU POE BIEU DEMO DI GEDUNG SATE AREUWEUH GAWE, NGAN SAUKUR NGA MACET KEUN JALAN",0.0,Kelayakan Upah
"Alhamdulillah dapat kerja di syukuri aja yg penting anak istri bisa makan dll meskipun rumah ngontrak, ngak kaya saya ini nganggur ngak punya kerjaan tetep ngak bisa di harapkan dapat duit besok atau lusa tapi alhamdulillah masih hidup sehat yg penting ikhtiar & do'a aja, alhamdulillah selalu aja dapat rizqi",0.0,Harga Pangan
Kdm titisan Prabu Siliwangi mantap maju terus,0.0,Optimisme Ekonomi
.Bekasi kota hadir...KDM 🙏,0.0,Lain-lain
"Saya sangat sepakat dengan solusi dari KDM, mencari angka-angka sesuai dengan kebutuhan dasar, semoga masalah ini segera terselesaikan dengan ada nya kesepakatan-kesepakatan dari hasil musyawarah yang menjunjung tinggi kebijaksanaan dari masing-masing pihak...
JAWA BARAT ISTIMEWA ❤",0.0,Lain-lain
Undang depekab tiap kab/kota untuk berdiskusi pak...,0.0,Lain-lain
"CIRTIM hadir pa.. 
Cirebon JABAR nunggu ISTIMEWA..!!!",0.0,Optimisme Ekonomi
"Nah..ini pentingnya konten... 
Karena banyak hoax.... 
Bapa aing memang luar biasa... sudah siap dengan perlengkapan perang untuk melawan narasi narasi sesat, fitnah, hoax, ...",0.0,Lain-lain
Ini berita jelas,0.0,Lain-lain
"Ah NU ngomongkn BP aing pembohongmh ,bisa jadi NU biasana menang alas na badag ayena letik .",0.0,Lain-lain
"MUDA2HAN PENGUSAHA DI JAWA BARAT PADA BANGRUT DAN KABUR SEMUA, AMIIN..biar Negara ini hancur sekalian. Sehat selalu BPK Aing. Semoga BPK di berikan kesehatan selalu.",0.0,Tuntutan Keadilan
"SPSI, cuma menunggangi orang untuk berdemo, kemana SPSI saat PHK masal, tidak ada suara nya,, giliran kenaikan upah paling depan.. Giliran naik gaji gaya hidup berubah, motor baru, HP baru, cerita klasik",1.0,Kelayakan Upah
"1.Kontrakan &Listrik 1.000.000
2.Transportasi 10.rbx 30hr = 300.000
3.Uang belanja sehari² beras,minyak dll 100rbX30 =3.000.000
4.Biaya sekolah anak 1.000.000 u/2 Anak 
5.biaya tak terduga 500rb lah😊 Total 5.8jt pak 🙏. Kebutuhan tiap bulanna Tapi ngontrak satulyna😂 Etateh Abi anu teu Ngarokok pak Mahilah Anu ngarokokmah Moal mahi 😅. Mejehna lah 6 jtamah UMK ❤ UMSK tinggal nambihan Sakedik wioslah sesuai Resiko yg di timbulkan . Bagi PT Yg menolak UMSK tandai pak Tuman😂",0.0,Harga Pangan
"Pak Usul ,Supaya Buruh Jangan di Potong Gaji nya Untuk Srikat.Karena Dengan kenaikan buruh,maka iuran mereka ke srikat juga naik.Uang Pemasukan Srikat juga masuk ke mereka .Atau di Putusin Aja buat Pergub.Buruh iuran untuk Serikat 1000 / Bulan.Sekarang itu lbih dari 5000 / orang setiap bulan.Bayangkan dari Berapa Puluh Ribu karyawan.Masuk kemana Tuh uang .Makan uang hasil Keringatnya buruhkah kalian Pengurus Serikat.Nanaonan lah",1.0,Harga Pangan
Peminpin paket kumplit.,0.0,Kelayakan Upah
Sampurasun cibalanarik Tanjung jaya Tasikmalaya hadir selalu buat pak gubernur Jawa barat semoga sehat selalu dan panjang umur berkah rejekinya berkah hatinya berkah ilmu nya ini pemimpin sangat peduli terhadap buruh pabrik di Jawa barat Rahayu Rahayu,0.0,Kelayakan Upah
Bapak aing the best ❤❤,0.0,Lain-lain
"Jika buruh aspirasinya diwakili oleh partai buruh (mungkin) maka petani peternak dan nelayan pun harus membuat partai politik karena jumlahnya lebih banyak dan petani, peternak, nelayan tidak pernah mendemonstrasi pemerintah untuk menuntut kenaikan gaji/ pendapatan padahal banyak orang yang kerja disektor informal yang tidak menentu pendapatannya 😊",1.0,Kelayakan Upah
Anu demo Hente sabaran. Te kudu kajalan.Tinggal Ninggal YouTube Oge beres,0.0,Lain-lain
"Ini baru namanya gubernur Jawa barat yang sesungguhnya tegak lurus dalam bekerja, salam dari pondok gede jati cempaka swadaya 1",0.0,Optimisme Ekonomi
Upah itu hrs d rundingkan antara serikat pekerja dan yg punya pabrik,0.0,Kelayakan Upah
Bogor hadir ❤❤❤❤❤❤❤❤❤❤❤,0.0,Lain-lain
"nasib kawan2 daerah lain miris bgt..beban kerja meningkat gajinya stag..
pimpinan daerah lain gk ada keterbukaan, pada gk ada niat transfansi soal hitung2an dan rumusan standar penggajihan berdasar resiko dan kesejahteraan...",1.0,Kelayakan Upah
Semoga Allah SWT melindungi dan memudahkan urusan KDM Aamiiiin,0.0,Lain-lain
"Saya orang Jateng,Tpi suka langkah"" KDM 😂",0.0,Lain-lain
Asalamualaikum wr wb majalengka hadir,0.0,Lain-lain
Assalamualaikum Waramatulahi Wabarakatuh sampurasun SILIWANGI DAN KDM saya PENGAGUM SILIWANGI DAN KDM dari Kalbar Pontianak hadir ❤❤❤,0.0,Lain-lain
"4 thun ngilu rapat kieu,bisa bisa jadi pejabat kie cara na mah.
Jadi pinter asli na masalah pemerintahan...

Nyalon jadi kades ach,,,,,,hahahahahah",0.0,Kebijakan Pemprov
"Untuk semua yang demo soal upah udah lah kita harus beryukur bisa kerja ,, percuma naik gajih ekonomi makin naik,,",1.0,Kelayakan Upah
terima kasih....pak kdm...❤,0.0,Lain-lain
Kawasan MM 2000 Bekasi masih ada perusahaan yang tdk menggunakan standar UMK ( gaji masih di bawah UMK). Pak Gubernur tolong sidak atau Pergub yg mengharuskan semua perusahaan penggajian harus sesuai UMK. Haturnuhun...,0.0,Tuntutan Keadilan
"Masih untung maraneh masih garawe di pabrik"" produksi /industri.menang gajih gede bulanan, ges ulah loba teuing ngadaremo engke bisi pabrik pindah lokasi kumha lamun nika di tutup.pertahankan maraneh nu jadi karywan pabrik"" sing bener garawe na sing jalujur, Kuring mh usaha teh kur kuli juru parkir da lain te hayang ka pabrik ayeuna mh di batasi hese asup.boga sekil mh ari Lowongan na di tutup teu waka narimaan karywan anyar hese.komo bagi kaum lalaki mh teu laku gawe di pabrik"" teh...sok we coba ku maraneh. Urang mh ges nyobaan berbagai daerah ges di aprak jabar mah lumar lamar teh hese.",0.0,Tuntutan Keadilan
Abah Songgom_Sumedang  hadir,0.0,Lain-lain
"Dengan melihat ini, mereka yang biasanya suka demo soal upah makin mengerti asal mulai penetapan upah. Jadi, nantinya tidak asal demo yang bisa merugikan orang lain maupun diri sendiri.",0.0,Kelayakan Upah
"betul kata pk dedi, sebelum ke gubernur harusnya serikat n pabrik membicarakan soal kenaikan gaji, klo semua langsung nuntut ke gubernur atau kpl daerah terus apa gunanya ada serikat buruh",1.0,Kelayakan Upah
Haji udin ❤,0.0,Lain-lain
Mantap 👍👍👍👍,0.0,Lain-lain
Juwana. - Pati ♥️🇮🇩,0.0,Lain-lain
Pak pungli dijabar meresahkan,0.0,Optimisme Ekonomi
Dukung KDM,0.0,Lain-lain
Memang jenius bpk aing mah,0.0,Lain-lain
Hadirrrr,0.0,Lain-lain
"Sampurasun Bapa Aing 🙏 
Sikat semua para oknum yang ada di setiap perusahaan Maammppoosss Luh elit ga bisa berkutik 😂😂",0.0,Lain-lain
UMP Jabar paling kecil yaa,-1.0,Kelayakan Upah
"MINIMA GAJI DIJABAR SEPATUTNYA 1000 RINGGIT ATAU 4 JUTA RUPIAH,SALAM DARI MALAYSIA",0.0,Kelayakan Upah
Mantap bapak aing mah....eweh lawan😊,0.0,Lain-lain
❤,0.0,Lain-lain
Inilah pemimpin yg sebenarnya yg barpihak pada buruh,0.0,Kelayakan Upah
"Beratnya kalau UMSK kalau diserahkan ke perusahaan masing2 , beban PUK jadi berat dan kemampuan negosiasi setiap PUK berbeda beda. Nantinya 1 Sektor upan minimum UMSK bisa berbeda2. Ini hanya untuk meringankan beban PUK. Pak.",0.0,Lain-lain
Betul kata KDM banyak pempin di negeri memanfaatkan buruh sebagai alat untuk di pilih,0.0,Kelayakan Upah
"maaf telat ikut rapat🙏
dikarenakan room panyirapan soreang dilanda hujan",0.0,Lain-lain
tah nu demo denge ku sia!,0.0,Lain-lain
"ngotot Upah naik setinggi tingginya buat apa jika harga barang barang naik. 
Inflasi iya,  penganguran juga iya.., Otomatis perusahaan akan menaikan harga produk dan mengurangi tenaga kerjanya jika masih mau hidup.",1.0,Kelayakan Upah
Teu ngalarti NU daremo geus teu kaharti mh kawas aing buburuh macul,0.0,Kelayakan Upah
Ahh rapat ieu mah jang nu demo mah moal ka otakan komo rumusan2 ges we jang buruh siga urang mah nu penting gajih naek. Percuma gaji badag oge ari paylaterna oge badag mah,0.0,Kelayakan Upah
"Numpang ngoceh admin
Balik ke jaman dulu yg masih simple
Hanya ada 2 pihak, pihak pekerja dan yg memberi upah. Karena jaman
Sekarang sudah kompleks, maka tambah lagi pihak yg terlibat dalam pengupahan. Yaitu pihak serikat pekerja, pihak apindo, pihak pemerintah ( bupati, gubernur, kadis pengupahan). Mungkin usulan saya adalah balik lagi ke jaman dulu yg simple. Adu perkara antara pengupah ( perusahaan) dengan serikat buruh perusahaan tsb. Adu perkara perdata di persidangan. Biar hakim yg memutuskan berapa alpha nya, berapa klbi serta besaran gaji nya. Karena sejatinya jaman dulu pihak penguasa ( sultan atau amir) tidak di libatkan. Jadi kalau pakai hukum serupa, maka gubernur atau bupati sebagai amir / penguasa tidak di libatkan dalam pengupahan. 
Serahkan urusan pengupahan ke hakim. Jadi tidak ada politik electoral atau politiik keberpihakan atau politik tdk mau ribet. Jadi kalau di serahkan ke pengadilan maka ke 2 pihak harus mentaati keputusan pengadilan. Jangan sampai bupati atau gubernur di tuntut oleh apindo atau serikat buruh karena merasa tidak adil keputusan pemda kabupaten atau propinsi. Jadi intinya balik lagi ke akad pengupahan antara pekerja dan pemberi upah. Kalau tidak ada kesepakatan, serahkan ke hakim
Biar hakim yg menentukan dengan kebijaksanaan nya. Ini hanya sekedar omon omon saja. Terserah yg punya kepentingan. Terima kasih wassalam",1.0,Tuntutan Keadilan
Ketum partai buruh Said Iqbal dengerin tuh jangan sembarangan menuduh KDM pembohong ! KDM itu kalau ngomong berdasarkan fakta,0.0,Kelayakan Upah
Wah pengetahuan yg baru lgi nih....hatur nuhun kuliahna bapak2 sdyna❤❤,0.0,Lain-lain
"gajih naek,, gaya hidup ugal""an😂😂apalagi buruh masuk politik🤦 Partai Buruh😌",0.0,Kelayakan Upah
"Lihat/nonton kdm rapat, seperti live aja, ga ada yg di rekayasa, semua rakyat Indonesia tau, jadilah kalau nonton chanel kdm, harusnya tuntas dan tidak di skip, jadi biarkan tidak gagal paham, salam santun dr nanggung bogor.",0.0,Tuntutan Keadilan
boleh bertanya kenapa umsk/umk kebanyakan perusahaan tdk mengikuti umsk/umk malah kebanyakan perusahaan karyawan kontrak cuma pormalitas gaji nya di bawah umsk/umk contoh nya perusahaan hebel di platinum Purwakarta jam kerja 12 jm 150 rb coba Depnaker nya suruh kerja nyata perusahaan yang tidak sesuai dengan pengupahan UMSK/UMK harus di sangsi perusahaan yang tidak mengikuti umsk umk,0.0,Tuntutan Keadilan
"Aslinya sedih pak lihat smua orang cuma lempar semua ke salahan ke bapak , sing sehat pak",0.0,Lain-lain
"Kalo umsk ditentukan oleh perusahaan nanti semena² atuh pak perusahaannya, perusahaan selalu berdalih belum untung, usaha para pengusaha harus tetap jalan, biar pajak pendapatan daerah jg dapat, tapi pada prakteknya pak perusahaan kalo bisa upah dibawah standar seperti divideo bapak sebelumnya ada upah sehari sampai 83k, apa itu standar layak kehidupan buruh, tentu tidak. Itulah salah satu contoh bahwa sangat berbahaya jika perusahaan/pengusaha yang menetapkan upah 😂😂😂 Tapi saya setuju dgn bapak aing mah bisa menganalisa bahwa ada politik yang bermain di penetapan upah.",2.0,Tuntutan Keadilan
Saya bangga banget menjadi warga Jabar bisa miting bareng sama BPK gubernur lewat onllen,0.0,Optimisme Ekonomi
"Penetapan UMP/UMK/UMSK, terjebak pada nilai Indeks Alfa dan KBLI. Tidak pada kebutuhan hidup riil...",0.0,Kelayakan Upah
Assalamualaikum.sht sllu bpk gubernur jawabarat/bpk hj dedy mulyadi👍👍👍👍👍❤❤❤❤,0.0,Kebijakan Pemprov
Amazing kdm ❤,0.0,Lain-lain
Ayuk...anak Bapa Aing yang ada di Purwakarta cari tuh orang yang asal ngomong...,0.0,Lain-lain
Gini dong transparan gunanya gubernur konten mana ada gubernur kalian seperti gubernur saya KDM.saya bangga sama gubernur Jawabarat uang konten di kasihkan k rakyat yang membutuhkan.tidak pandang bulu bapa aing mah.mau orang Jawabarat atau bukan.semua dibantu 🎉,0.0,Tuntutan Keadilan
Bismillah,0.0,Lain-lain
"kspi mau enaknya aja., giliran duwit dia mau demo .. ketua kspi harus di bubarkan",0.0,Lain-lain
❤❤❤❤❤❤😊😊😊,0.0,Lain-lain
"Lombok NTB Hadir 
❤❤❤❤❤",0.0,Lain-lain
ah di pwk aya pt besar ti baheula teu bisa asup ka umsk padahal resikona gelo... bapa aing ge mental wkwkwk,0.0,Lain-lain
❤❤❤❤,0.0,Lain-lain
He....mantav....,0.0,Lain-lain
"KDM pejabat paling paling jujur ,, cobi pak Dedi telusuri soal MBG makin hari makin merosot... Masa ada MBG seminggu isinya cuman roti tawar.",0.0,Lain-lain
"Apakah Gubernur yang didaerah lain apa yaaa bisa terbuka seperti KDM ( Gubernur Jabar ) .
Jika bisa seperti KDM semua rakyat Indonesia pasti sejahtera.",0.0,Tuntutan Keadilan
"Aslkm
Sampurasun gubernur ku yg sangat kami cintai ...biar pun gk pakai bansos ,gk pakai kampanye ,gk pakai duit ,sy pilih Bpk Aing jadi RI 1..
Jadi gubernur juga kuta tulus pilih bpk aing biar pun gk pakai minyak beras duit ..
Tetap hati yg ber kata pilih no 4..
Sehat ya bpk aing ❤❤❤",0.0,Harga Pangan
Sukabumi botram hadir sehat selalu bp aing jabar istimewa,0.0,Optimisme Ekonomi
KDM Gubnur terbaik,0.0,Lain-lain
Tuh yg pada demo dengerin Bp Aing gajih tiap bulan thr tiap taun punya bersyukur lupada saya juga yg kerja rumahan gaji gak tentu tiap tahun thr ran paling saratus ribu gangaluh bersyukur aja yg penting kerjaan lancar kalian mau tiap tahun gajih naik,1.0,Kelayakan Upah
Ikut rapat bareng 😂,0.0,Lain-lain
Gaji naik ujung ujungnya jumlah pekerja di kurangi bahkan pabrik pada tutup dan pindah.,0.0,Kelayakan Upah
salam dari jayanti-Tangerang-Banten,0.0,Lain-lain
"Fakta berbicara, itu gunanya gubenur ngontent, nggak bisa di fitnah, paham kan?",0.0,Lain-lain
dukuhjati hadir pa? lihat bp sambil den9erin ucapan ucapan bp sambil n9opi mntap pa.,0.0,Lain-lain
"Makin keliatan kan, si iqbal yg predisen serikat buruh itu bergaya bak kaisar. Tuduh sana sini , dengan narasi persis sama dengan KDM haters, kesimpulannya si Iqbal ternyata cuma begundalnya Abah ... konyol !!!",0.0,Kelayakan Upah
"Sampurasun, bahwa Umk adalah upah minimum bagi pekerja lajang dg masa kerja 1 tahun sedang untuk masa kerja dilakukan secara bipartit kalau diperusahaan ada lembaga bipartit yg diwakili SP (pekerja)&Pengusaha  kalau tdk ada SP maka tdk ada perundingan sehingga upah pekerja berapapun masa kerja upahnya adalah UMK karena tdk ada pengawasan selama telah memberlakukan UMK",0.0,Tuntutan Keadilan
Mekah hadir ❤,0.0,Lain-lain
Tasik hadir nyimak🙏❤,0.0,Lain-lain
Saya ikut rapat dng gubernur lewat chanel ini jd tau alur dan hasil rapatnya,0.0,Kebijakan Pemprov
Buat yg nganggur tenang ia sebentar lagi kita dapat antrian kerja di pabrik,0.0,Optimisme Ekonomi
KDM garis keras hadir,0.0,Lain-lain
Tangerang Banten hadir buat bapak aing KDM KING DEDI MULYADI sehat2 selalu buat bapak aing ❤❤❤,0.0,Lain-lain
"Pak KDM gubernur Jabar menurut saya,,Ini lh sosok umat nya nabi Muhammad Saw,,,yg betul betul menjln kan,,apa yang diperbuat/jalani sebagai mana yg di Sampaikan oleh Baginda nabi Muhammad Saw...,,tak ada yg bisa menandingi bpk KDM,,,dgn pejabat pejabat yg lain se-Indonesia ni..,moga BPK KDM selalu dlm lindungan Allah SWT,,aminn...",0.0,Optimisme Ekonomi
Terbaik KDM,0.0,Lain-lain
Lain bapak aing mah asa ngarti Kabeh nya heran😊😊😊😊😊😊,0.0,Lain-lain
"Tah dengeken 
Nu rariweh. 
Gubernur Oge mikirken rakyat na",0.0,Tuntutan Keadilan
KDM Pejabat terbaik yg pernah saya lihat,0.0,Lain-lain
"Maaf pak gubernurku yang bijak kalau keluhan saya menyimpang. Saya ingin menyampaikan keluhan saya kalau rumah kami yang ada di perumahan harapan indah Bekasi Barat sering terkena banjir setiap hujan turun. Kami mengalami ini dari tahun 2000 sampai saat ini 2025. Sudah seperempat abad kami mengalami limpahan air dari alam semesta. Hal ini terjadi karena lingkungan kami yang dialiri  oleh kali kapuk yang melewati Bekasi kota dan  Bekasi kabupaten terhambat airnya tidak mengalir dengan lancar dari hulu ke hilir, hal ini karena kali kapuk yang ada di kabupaten Bekasi banyak bangunan liar yang belum ditertibkan, sehingga air mengalir tidak lancar. Maksud hati ingin hidup di dalam lingkungan yang asri ternyata ini hanya impian saja, sudah seperempat abad terlewati umur saya yang menjelang senja yang selalu mengalami limpahan air mata alam. sekali lagi maaf pak gubernur ku yang bijaksana, tolong bantu kami yang merindukan hidup tenang tanpa ada lagi gangguan air mata alam yang mengalir ke lingkungan kami yang di sebabkan oleh ulah manusia.",0.0,Biaya Sewa
Majenang Cilacap Jawa Tengah hadir 🙏🙏🙏,0.0,Lain-lain
Warga Lampung selalu hadir di setiap video bapak KDM,0.0,Lain-lain
❤,0.0,Lain-lain
Alhamdulillah bp Dedi mulyadi sehat2 dan Alhamdulillah semua tugas2 dan tanggung jawab nya lancar2 semua.Aamiin,0.0,Lain-lain
"Kurang jujur apa ya allooh KDM ini,, dari awal jdi pemimpin saja sudah jelas mengayominya.. Tpi knp oknum sebagian warga jabar masih aja ada yg bilang KDM yg gak baik.. 
Saya aja warga jateng paham dgn kpemimpinan KDM,, beliau pemimpin yg sangat langka dan di idam idam kan bnyak masyrakat di berbagai daerah indonesia. 
Saya aja ngiri bngt sama jabar punya pemimpin sperti KDM yg teransparan dlm segala hal",0.0,Optimisme Ekonomi
barakallah bapak KDM...salam dari kalimantan selatan..,0.0,Lain-lain
Sehat slalu bpa,0.0,Lain-lain
👍👍👍👍,0.0,Lain-lain
"C iqbal,nyaho na Ngan duit we,mslah na kurang paham,hayo nyalah keun BPK aing,moal kuat ngalawan BPK aing mah",0.0,Lain-lain
❤❤❤❤❤,0.0,Lain-lain
Mudah mudahan bapak Dedi Mulyadi dan young shepura menjadi pasangan sakinah mawadah warohmah bersama wanita Malaysia ammin ya robbal alamiin hidup KDM mantap,0.0,Lain-lain
BANG BEWOK BILANG SELURUH JAWA BARAT DI HAPUS PENGAJUAN  UMSK NYA...NIH DENGERIN,0.0,Lain-lain
Gubernur KDM serba GERCEP DLM SEGALA HAL DAN MASALAH.. HEBAT MAJU TRUS🎉🎉🎉,0.0,Optimisme Ekonomi
Alhamdulillah saya Jaenudin dari jakarta penggemar chenel YouTube KDM mantap hebat kerjanya ammin ya robbal alamiin hidup KDM mantap,0.0,Optimisme Ekonomi
Hadir hadir lagi ❤❤❤,0.0,Lain-lain
Semoga Allah SWT memberikan perlindungan kepada bapak Dedi Mulyadi kedepannya bisa menjadi presiden RI ke 9 ammin ya robbal alamiin hidup KDM mantap,0.0,Lain-lain
"𝑷𝒓𝒆𝒔𝒊𝒅𝒆𝒏 𝑲𝑺𝑷𝑰..𝒌𝒆𝒓𝒋𝒂𝒏𝒚𝒂 𝒄𝒖𝒎𝒂 𝒏𝒖𝒏𝒈𝒈𝒖 𝒔𝒆𝒕𝒐𝒓𝒂𝒏 𝒅𝒂𝒓𝒊 𝒑𝒂𝒓𝒂 𝒑𝒆𝒈𝒂𝒘𝒂𝒊..𝒘𝒂𝒌𝒕𝒖𝒏𝒚𝒂 𝒑𝒂𝒓𝒂 𝒑𝒆𝒌𝒆𝒌𝒆𝒓𝒋𝒂 𝒅𝒂𝒍𝒂𝒎 𝒌𝒆𝒔𝒖𝒍𝒊𝒕𝒂𝒏 𝒏𝒈𝒖𝒎𝒑𝒆𝒕 𝒅𝒊 𝒃𝒂𝒘𝒂𝒉 𝒎𝒆𝒋𝒂..𝒌𝒂𝒍𝒂𝒖 𝒖𝒓𝒖𝒔𝒂𝒏 𝒎𝒂𝒔𝒂𝒍𝒂𝒉 𝒅𝒖𝒊𝒕,𝒃𝒂𝒓𝒖 𝒏𝒐𝒏𝒈𝒐𝒍..𝒂𝒈𝒂𝒓 𝒅𝒊 𝒔𝒆𝒃𝒖𝒕 𝒅𝒊𝒂 𝒊𝒕𝒖 𝒃𝒆𝒓𝒕𝒂𝒏𝒈𝒈𝒖𝒏𝒈 𝒋𝒂𝒘𝒂𝒃..𝒎𝒆𝒎𝒃𝒆𝒍𝒂 𝒑𝒂𝒓𝒂 𝒑𝒆𝒌𝒆𝒓𝒋𝒂.",0.0,Lain-lain
Bogor barat hadir,0.0,Lain-lain
2029 RI 01 👍👍👍 semoga amin,0.0,Lain-lain
Assalamualaikum warahmatullahi wa barokatuh bapak Dedi Mulyadi semoga panjang umur sehat selalu ammin ya robbal alamiin hidup KDM mantap,0.0,Lain-lain
"Perbincangan yg sangat luar biasa,, semua keputusan harus terhindar dr unsur politik
Keren bapak Aing",0.0,Lain-lain
"Yang demo itu ingin meninggalkan pekerjaan, sedangkan gajinya tidak dipotong.. kan enak tidak bekerja tp gaji tetap dibayar, sekalian jalan2",0.0,Kelayakan Upah
Pada kemana ni Tahun Baruannya... 🎉,0.0,Lain-lain
Asalamualaikum hongkong hadir ❤,0.0,Lain-lain
"Sampurasun, salam Rahayu kangge Baraya sadayana, para fans KDM dimanapun berada....",0.0,Lain-lain
"Assalamu'alaikum pak gubernur bapak aink bapak dedi mulyadi, 
Pak abdi anto pak, 
Pak abdi bade nambut artos pak, 😢
Tulungan abdi pak, abdi butuh pisan, 
Abdi tos pusing pisan pak, 
Abdi nambut artosna skedik pak,, 
😢😢😢",0.0,Kebijakan Pemprov
"Gak kepikiran dr dlu, bener si harusnya pengupahan harusnya berdasarkan presentase profit dr perusahaan, klo perusahaan lagi profit besar upahnya ikut besar, klo perusahaan sedang rungkad upahnya kecil, jadi karyawan bisa lebih produktif agar perusahaannya makin Untung, klo sekarang mau perusahaan Untung besar atau kecil ya kerja seadanya aja, toh gaji minimum, paling ngandalin lembur sama insentif 😊",-1.0,Kelayakan Upah
Serasa ikut rapat juga bersama pak gubernur jabar😊,0.0,Optimisme Ekonomi
"Presiden serikat buruh mana tuh,koar2 ngomongin BPK aing,moal kuat ngalawan BPK aing mah.",0.0,Kelayakan Upah
"ari berfikir teh sing rasional said iqbal!!
tah siga bp aing ..
aing oge buruh ... tpi ngarti..",0.0,Kelayakan Upah
"Pak Dedi di omongin tuh sama Bennix. wilayah bpk di acak2 ORMAS, masa diem aja pemerintah JABAR.",0.0,Optimisme Ekonomi
Coba main modal receh di ＧＡ ＲＵ Ｄ Ａ Ｈ ＯＫＩ...ehh malah meledak🤑,0.0,Lain-lain
"baru skrang paham apa itu UMSK
krna keterbukaan BAPA AING sebagai GUBERNUR JABAR dlm hal apapun",0.0,Optimisme Ekonomi
"Memang Gubernur yg satu ini bukan kaleng2 cara berpikirnya, KDM TOP 👍",0.0,Kebijakan Pemprov
Aman terpercaya ＧＡ ＲＵ Ｄ Ａ Ｈ ＯＫＩ...pasti jepee❤,0.0,Lain-lain
tanpa tek eta pagub otakna ngariset sorngan permslahan non bae konek langsung luar biasa jeng t dapon ucap heran tp nyata massya allah,0.0,Lain-lain
"NYI HYANG LOVERS JATIM HADIR SELALU.....
🇮🇩🇮🇩🇮🇩🇮🇩🇮🇩🇮🇩🇮🇩🇮🇩🇮🇩🇮🇩🇮🇩😍😍😍😍😍😍😍😍😍😍😍♥️❤❤❤❤❤❤❤❤❤❤🔥🔥🔥🔥🔥🔥🔥🔥🔥🔥🔥",0.0,Lain-lain
"DENGE TAH SAID IQBAL 
MANEH UKUR BOGA KEPENTINGAN DOANG , PANGABISA  MAH EWEUH SATEH 
ELMU MANEH MAH JAUH JEUNG KDM",0.0,Lain-lain
Mangkanya di piker negara sakrang jgn mengandalkan pajak sma alam indonesia aj bikin kebijakan lain pak pariwisata indinesia nihh bagus² cuman gk bisa ngelolah dngn benar aj,0.0,Kebijakan Pemprov
KDM...CERDAS NIH SOAL UPAH....KEREN PAK GUB,0.0,Kelayakan Upah
Kenapa pengupahan di indonesia selalu di ributkan tiap tahun??? Pimpinan daerah bisa mengurusi upah buruh tapi kenapa upah tenaga honorer yg tidak manusiawi tidak di urusi??,0.0,Kelayakan Upah
"Vinvast itu pakk baru didirikan sudah diganggu ormas
Perlu perhatian khusus pak",0.0,Lain-lain
"ganti pak PP nya , biar gak jd politik , tarohan aing mah",0.0,Lain-lain
coba berpikir secara intelek.jangan sampai nanti nyesal kemudian hari,0.0,Lain-lain
tah said... dengekeun ari ngomong teh sing pinter jiga bp aing... ulah hayang naek baei jeung teu rasional.. ulah so punter saiiiid..,0.0,Lain-lain
❤️😍,0.0,Lain-lain
Kalteng selalu setia nonton content bapak aing🥰🙏,0.0,Lain-lain
"Tolong pak gubernur telusuri kabupaten Bandung,,, banyak alih pungsi dari sawah jadi perumahan,, di kecamatan Rancaekek,, kecamatan Solokan jeruk,, kecamatan Paseh,,, kecamatan Majalaya,,, kecamatan Ciparay,, kecamatan Cikancung,,, bupati nya udah 2 periode,,, tapi gak ada perubahan,, tolong di audit...???🙏",0.0,Biaya Sewa
Nu satuju ketua kpsi panggil k lembur pakuan cung hayang nyaho nyali na mun di harepen kdm👇👇👇,0.0,Lain-lain
saya bingung sama buruh ini kan sudah di taiki.mau berapa lagi di taiki pikirkan dong Masi banyak yang masi nganggur.bagai mana prusahaan itu tidak sanggup lalu pindah siapa yang rugi.kan para buruh juga,0.0,Kelayakan Upah
Bang said Iqbal nonton g ni..ternyata pencetus umsk itu KDM waktu jdi bupati Purwakarta,0.0,Lain-lain
Bapak kok bersikeras siii...GK mau menetapkan di gubernur.....kn ada aturan UU nya dan PP nya...kata Bu PLT dan pak firman...BPK mau melawan PP dan UU..ya klu BPK mau protes ya bapak ke pusat ke kementrian tenaga kerja atau DPR komisi yg bersangkutan....jgn bapak ngomel2 trus ke pak firman dan Bu PLT....percuma...beliau juga GK bisa apa2....mana lah punya akses hanya kelas OPD ke pusat pakk...untk protes...ya bapak ke pusat lah.,0.0,Optimisme Ekonomi
Pak itu yang demo di pabrik vinvast yang baru dibuka gimna itu pak kejadianya?,0.0,Lain-lain
"Hah gua ajh kerja udh 17 th gaji 2,5 gu tidak bnyak protes .
Gua allhamdulilah krna masih bisa kerja .
Bnyk yg susah cari kerja skrng .",0.0,Kelayakan Upah
"Pakdedi adalah sosok gub ideal yg bisa diterima baik oleh biruh karyawan maupun pengusaha kecuali oleh lawan politiknya yg ingin berkuasa atau yg ingin dapat uang atau jabatan.
Sy yakin buruhpun bisa berpikir cerdas dan bijaksana karna sama² butuhnya.
Buruh jangan mau dimanpaatkan oleh elit² buruh dan yg menungganginya.🙏",0.0,Tuntutan Keadilan
pengen tau buruh yg pro bapak Aing,0.0,Kelayakan Upah
"percuma gaji naik juga, kalo Harga sembako ikutan naik,,, mendingan demo turunkan harga sembako🤣🤣🤣",1.0,Harga Pangan
Upah....itu harus di musyawarahkan pihak karyawan dan pengusaha bukan oleh pemerintah. Sangat setuju ✍️🙏👍 pemerintah harus jadi penengah antara buruh dan pengusaha 👍,1.0,Tuntutan Keadilan
kalau besok masih demo tangkap aja tuh si iqbal provokatornya🤔,0.0,Lain-lain
Jujur saya tidak sabar ingin kdm jadi presiden RI 😊,0.0,Lain-lain
"🔴sy sebagai buruh sependapat gagasan pak KDM tidak memberatkan perusahaan,,nanti kalo perusahaan gulung tikar kita""jg yg kena PHK😥,,semoga pak gubernur bisa ambil keputusan yg adil bagi buruh dan perusahaan🤝🙏",0.0,Tuntutan Keadilan
"1 JABAR, 1 UMK!!!!!!!",0.0,Kelayakan Upah
Yang buat pp pun gak ngerti kayaknya 😂😂,0.0,Lain-lain
Tuh dengar presiden buruh said iqbal keterangan gub jabar kdm jangan cuma katanya2 blm a 1 sdh kritik,0.0,Kelayakan Upah
Bapak sing sarehat Semarang Jateng menyapa,0.0,Lain-lain
"Buruh wajib ikut organisasi gk mau ikut d ancam ujung2 gaji ad pemotongan buat ke organisasi, kadang ada alibi situ masuk kerja gara2 organisasi lah pdhl mau jd karyawan bayar jg k oknum organisasi dll",0.0,Kelayakan Upah
"Ya Allah pak KDM serba tahu teknis tentang upah gaji perusahaan ,, smoga dngn ada saran dri KDM, perusahaan di Jabar semakin maju dan bisa mensejahterakan karyawannya",1.0,Kelayakan Upah
"Ekonomi saya makan lauk serba T .dan kebutuhan operasional rumah tangga wilayah Parung panjang kab Bogor selalu Tekor 2 JT.mau tidak mau harus kerja sama dengan pinjol.kalo sampai tidak kerja dan masih ada tuntutan pinjol mau tidak mau jual ginjal. Biasa orang Bogor biar mati tersohor.
Harapan saya Upah buruh naik 20% .jelas kalo sampai naik di bawahnya .para pengusaha yang menjabat sebagai dewan menginginkan perjuangan leluhurnya dari Walanda sama Nippon di teruskan untuk menghabisi generasi bangsa Indonesia.

Upah Buruh wajib naik 20% bila pengusaha tidak setuju atau pengusaha besar tidak mau maka silakan jadi usaha UMKM atau akuisisi perusahaanya untuk pemerintah jadi Perusahaan BUMN",2.0,Harga Pangan
"Sukses selalu bapak aing, Oge bapak editor sadayana.",0.0,Lain-lain
SE umur hidup. Smpai umur sy 50 THN. Bru x ini rakyat yg suruh gubernur jadi presiden. Langsung rakyat yg pilih dan tunjuk. Smoga BPK aing terwujud dn harus jadi. Karna rakyat lebih tau pemerintah yg percaya SM rakyat dn yg dekat dengan rakyat.,0.0,Tuntutan Keadilan
❤❤❤❤❤❤,0.0,Lain-lain
"Buruh pabrik teh asa demo jeng demo wae tiap taun...?? asa jiga nu terzolimi wae...ga pernah bersyukur dng rezeki yg sdh ada ... smntara msh bnyk warga yg blum kerja... tapi mereka ga pernah demo""... Hadeeh...!! hayang gaji sbaraha atuuh..?? Kmha mun pabrikna tdk mampu memenuhi tuntutan... bisa"" PHK massal, pabrik bangkrut/ pailit/pindah lokasi... Belajar brsyukur dng rezeki yg sdh ada... Atau... ada udang di balik batu...???? 
.",0.0,Kelayakan Upah
"Di kasih pemimpin yg baik sat set transparan kayak gini kok masih aj ada warga  yg menghujat,coba aja kalian di kasih gubernur kayak gubernur Lampung, sakit kepala kalian pasti",0.0,Kebijakan Pemprov
"Berasa tiap hari ikut rapat, padahal bukan pejabat😅😅😅...keren kdm❤",0.0,Harga Pangan
Hayu hayu kita pantengin terus channel bapak aing yg top markotop penuh daging dan pendidikan untuk kita semua,0.0,Lain-lain
"Hadir majalengka ,,❤❤ semogga semua fans KDM ,pada sehat ,,amiin .",0.0,Lain-lain
Dukung terus kdm,0.0,Lain-lain
Assalamualaikum kg dedy bikin video kunjungan diaceh dan sumatra dong kasihan warga yg ada disana smpe gk makan berhari2,0.0,Harga Pangan
"Gimana cara menangani LSM di jabar pak.
Ada asing baru 1 hari mau investasi  di jabar
LSM LSM sudah pada demo🥺",0.0,Optimisme Ekonomi
Presiden Buruh hanya menjadikan Buruh sebagai Tameng merasa Paling Buruh.. Di saat Investor  pada Takut berinvestasi mereka tidak Ada Upaya untuk Membuat Dunia Usaha Tenang... Fix Ini Buruh di jadikan Komoditas Politik saja.. Dan semua Buruh tidak sadar mereka di potong Gajinya untuk membiayai mereka yang jadi Petinggi Buruh... Maju Terus Gubernur Aing✊✊✊,0.0,Kelayakan Upah
❤❤❤❤❤❤❤❤❤,0.0,Lain-lain
Sehat2 dan sukses selalu Bpk aing KDM dan Kita semua🤲🤲🤲,0.0,Lain-lain
"Ketika orang yang matang di lapangan maka Sudut pandang praktis KDM akhirnya bisa mengintervensi kebijakan yang selama ini dirumuskan oleh orang² yang bersudut pandang teoritis. 
Selama ini kebijakan ditetapkan oleh orang² yang memiliki sudut pandang teoritis sehingga relevansi produk kebijakan nya pun kurang. 
Jago memang Bapa aing, molotok lah poko na mh.",0.0,Harga Pangan
"coba walikota dan bupati,segala macam urusan rakyat di uplaod ke media sosial",0.0,Tuntutan Keadilan
Gubernur terbaik sepanjang sejarah dunia yang selalu mementingkan kepentingan rakyatnya ❤,0.0,Tuntutan Keadilan
Sehat selalu bapak aingggg,0.0,Lain-lain
"Pola pikir KDM sangat bijak utk kebaikan pekerja dan perusahaan, pemerintah hanya menetapkan upah minimun sebagai ambang batas terendah upah masa kerja nol tahun. Untuk kenaikan upah pekerja masing² perusahaan ditetapkan lewat Perjanjian Kerja Bersama (PKB) antara wakil perusahaan dan wakil serikat pekerja, untuk jangka waktu yg disepakati.",1.0,Tuntutan Keadilan
"Bandung timur hadir ,🙏🙏",0.0,Lain-lain
Gubenur terbaik sepanjang sejarah Indonesia semoga fnes kdm panjang umur sehat selalu ❤❤❤❤❤❤❤❤❤❤❤❤❤❤❤❤❤❤❤❤❤❤,0.0,Lain-lain
"Serikat buruh kalau mau demo lihat yang dilakukan Gubernur, sedang dan telah dilakukan, baru sekarang selesai. Sebetulnya kalian Demo apa? Begini kalau buruh ikut berpolitik",0.0,Kelayakan Upah
"Beberapa serikat bisa menjadi terlalu akomodatif terhadap manajemen karena hubungan yang baik, insentif, atau untuk menjaga stabilitas, sehingga mengorbankan kepentingan buruh. yang membuat buruh merasa tidak terwakili.",0.0,Kelayakan Upah
"KDM adil dan bijaksana, yg terbaik buat semua pihak solusi terbaik prnyelesaian masalah.",0.0,Tuntutan Keadilan
Hayyu warga Jabar harudang jaga bapa aink istimewa hudang 💪💪💪💪💪,0.0,Optimisme Ekonomi
Assalamualaikum kang dedi perkenalkan saya yoga asal dari cirebon .. saya bekerja di RSUD waled sudah 5 tahun . Tetapi selama 5 tahun ini saya Sebagai Harian lepas dan tidak di kontrak ( honor rumahsakit ) sedangkan karyawan yang 1-2 tahun sudah pada di kontrak ( honor ).. waktu ada pembukaan cpns dan P3K saya 2 kalo tidak bisa ikut di karnakan saya harian lepas tidak ada surat kontraknya. saya sudah mengajukan keatas setiap tahunnya tetapi tidak ada respon sama sekali dan jugaa terakhir tahun ini berasalann Direktur sedang PLT tidak ada Direktur tetapnya.... Jadi selama 4 tahun saya membela hak saya tidak didengar sama sekali,0.0,Harga Pangan
❤❤❤,0.0,Lain-lain
"*kasus perusahan di Sukabumi yang sudah ekpor kluar negri tapi gajih nya hanya 60 rupiah sehari sampai saat ini respon bupati Sukabumi seolah biasa saja tolong provinsi segera sidak ini menyakut ekonomi wilayah,PT.Aneka Dasuib jaya Desa Cibodas kecamatan Bojonggenteng,gunanya sosial media biar pemerintah cepat tanggapi jika pemimpin daerah santai saja apakah pemerintah provinsi atau pusat mau diam saja mohon di prioritaskan di Sukabumi banyak kasus seperti ini tapi pemerintah daerah setempat seolah biasa saja bukan hanya di Sukabumi tapi banyak kota daerah di Jabar kasus seperti ini buat apa investor masuk jika hanya mementingkan perusahaan saja pajak di tarik oleh negara tapi tidak memikirkan pekerjanya di dalamnya*",0.0,Kelayakan Upah
Josss bapak aing,0.0,Lain-lain
Coba semua gubernur adil kayak kdm psti indonesia istimewa❤,0.0,Tuntutan Keadilan
Trimakasih info nya 👍👍👍👍💯,0.0,Lain-lain
KDM berbicara selalu dengan fakta bukan hanya cerita.🙏👍🇮🇩,0.0,Lain-lain
KDM cerdas,0.0,Lain-lain
Semoga Allah SWT memberikan kesehatan ke bapak gubernur Jawa Barat amin rabbal alamiin Sulawesi Selatan hadir bapak aing,0.0,Kebijakan Pemprov
Wooow keren KDM,0.0,Lain-lain
Bpjs kesehatan yg di nikmati seluruh rakyat INDONESIA  hasil perjuangan serikat buruh lo,0.0,Tuntutan Keadilan
"lah, nama aja partai buruh, KDM mau naikin upah buruh, eh ni partai malah gak pro buruh.",1.0,Kelayakan Upah
Terlalu mnurut tuntutan buruh prushaan pasti bangkrut,0.0,Kelayakan Upah
"Manusia yg tidak mau bersukur, berfikirlah bahwa dinegri ini masih banyak yg tidak mempunyai pekerjaan, kalian buruh yg sudah bekerja adanya demo menuntut gaji naik terus. Kalian ga punya empati dengan pengangguran. Maunya kenyang sendiri. Yg mengaku bos buruh demolah untuk penciptaan pekerjaan baru.
Ini klo kalian pada berfikir waras.",1.0,Kelayakan Upah
Tetap dukung kdm,0.0,Lain-lain
"Udah lah saya aja yang kerja, biar anda yang merusuh ngerasain beratnya jadi ojol seperti saya",0.0,Optimisme Ekonomi
Assalamualaikum kami lulusan sekolah butuh kerja ganti yang demo dengan kami perusahaan seluruh Jabar lihat rekrut kami aja,0.0,Optimisme Ekonomi
Suruh aja ke Jatim biar gak minta minta Ama orang,0.0,Lain-lain
Bilang aja pak jangan banyak komen KL mampu suruh aja kerja yg tekun rajin banyak duit KL perlu suruh ke Jatim kab Jember kec silo desa karang Harjo kerja di sini enak tenang biar banyak duit tak perlu mintainta lagi sama orang apa lagi BP kdm,0.0,Optimisme Ekonomi
"Yang nganggur buat makan aja sulit ini yang punya gajih dapat penghasilan malah demo , punya motor bagus pengen beli mobil yang nganggur buat makan aja sulit ga malu apa demo",0.0,Harga Pangan
Masih mending pemerintah mikirin yang masih pada nganggur ini banyak sekali ketimbang mereka yang sudah punya gajih,0.0,Kelayakan Upah
"😢Gaji UMP cuma 5,7 tar juga walau dah tambah tunjangan gaji kita buruh PT cuma 12-14 jt masih di bawah hidup layak menurut bps yg 15Jt++ alhasil masih nombok buruh😢",1.0,Tuntutan Keadilan
Udah pada berhenti j kerjanya kalau ga puas.  masih bnyak orang yg blm mendpatkan pekerjaan dan hdupnya lbih susah,0.0,Optimisme Ekonomi
Yg demo orang yg tdk berterimakasih udh kerja dapat gajih masih aja demo tak puya ahlak. Anak saya aja sarjana S.1 pengangguran udh terima nasib mungkin bukan rezeki anak saya kalian harus bertwrima kasih,0.0,Kelayakan Upah
"pk tolg bntu saya
soal bnsos ke marin kok saya mash blm dpt
saya bingung di sini siapa yg slh soal bnsos",0.0,Lain-lain
"Said iqbal hrus di pertanyakan 😂
Isi nya ap?",0.0,Lain-lain
Pak KDM tidak akan menyengsarakan buruh semoga buruh jangan merusak   pasilitas Jawa Barat,0.0,Kelayakan Upah
Ayo PHK saja yang demo2 biar tahu rasanya menjadi penganguran gimana.,0.0,Lain-lain
"Sadarlah, BURUH kerap dijadikan alat POLITIK para Pengurusnya. Jika ingin UPAH naik secara berkelanjutan, yang dibutuhkan adalah peningkatan KUALITAS, kompetensi, dan produktivitas — bukan sekadar DEMO. ",1.0,Kelayakan Upah
"Yg ngangur banyak , gaji 5 juta sukur Alhamdulillah. Lihat provinsi2 lain gajinya kecil2.",-1.0,Kelayakan Upah
"U pada dah enak pada kerja
  Masih bnyak rakyat Jabar yg pengangguran
Demo demo gajelas u pada",0.0,Tuntutan Keadilan
"bukannya pada bersyukur bisa kerja malah ikut serikat buruh,, serikat buruh klo ada yg di PHK gak bakalan bantuin buat anak istri,,mending pada kerja yg bener ngapain ikut si iqbal,,klo ada yang di phk jgn minta tolong ama kdm atau nyalahin KDM minta tolong ama si iqbal kan ini kemauan si iqbal,,KDM bener daripada bayar buat serikat buruh tiap bulan mending simpan buat masa depan anak,, sebulan dipotong buat serikat buruh berapa kali setahun,,coba kalo buat anak setahun bisa beli keperluan anak,,saya yakin klo buruh yg tiap bulan bayar buat serikat buruh terus kena phk serikat buruh gak bakalan bisa bantuin buat maza depan anak istri,,bukannya bersyukur bisa kerja malah ikut demo,,harusnya buruh masih kerja dipabrik biarkan serikat buruh yg pada demo kan serikat buruh dibayar tiap bulan,,ini tiap bulan dibayar kalo demo masih ngajak karyawan tar kalo karyawan di pecat serikat buruh gak bakal nolongin😂😂😂",0.0,Kelayakan Upah
"Ketua buruh pastinya bahagia jika gaji buruh naik, agar ada potongan untuk ke organisasi.😂😂😂",1.0,Kelayakan Upah
"Produktifitas rendah gaji mau tinggi,buruh makin ngelunjak.lebih baik invest di vietnam aj.",0.0,Kelayakan Upah
Kurang bersyukur mending keluar az kerjanya  masih byk ko yng bth,0.0,Optimisme Ekonomi
"Sehat2 pak hj dedi semangat terus, Demo2 bayaran, padahal kergarawe mah sing balener ,di luarnegri ge loba gajih anu 3,4 juta duit indonesia,tangkap aja yang demo2 pak jangan di biarian",0.0,Kelayakan Upah
"Salut sama pedagang cireng, pedanggang tape, padagang sate ayam, keliling kanpung tampa pernah mengeluh, mereka tenang damai tampa merugikan orang lain",0.0,Lain-lain
Kdm harus bijaksana sama para buruh tanpa buruh semua nya tidak bisa berputar perekonomian buruh itu yang putar perekonomian semuanya  jadi para buruh nya secara adil yang sudah lama kasih jaminan di perkuat biar para buruh yang sudah lama semakin giat kerja buruh itu 3 shiff kdm suga tau paham mengerti yang mengangur buatkan pabrik bsru buat tampung yang para penganguran biar punya penghasilan yang sudah lama jangan di gangu gugat itu perjuangan nya sudah banyak sama negara kdm itu harus punya ke adilan sama sama adil pata buruh bahagia kerjasn ada penghasilan punya kdm juga ntaman tidak ada yang di rugikan setengah gajih buruh itu dari pemerintah setengah lagi dari pabrik begitu kdm malaysia dukung hadir selalu well,2.0,Tuntutan Keadilan
"Gaji naik seberapa pun gak bakalan cukup,kalau gak bersyukur",1.0,Kelayakan Upah
Supaya merasakan nya gimana kalau gak kerja anak isteri nya makan dari mana tutup aja sementara pabrik seenak nya aja yang demo,0.0,Harga Pangan
"Sudah pak tutup aja pabrik supaya mereka tahu di PHK ini bukan demo lagi sudah anarkis  yang blum punya kerjaan masih banyak, itu bukan orang Jabar orang luar Jabar",0.0,Optimisme Ekonomi
"wa,alaikm salm pk
tog btu saya pk
saya jnda nk 3 
nk saya semua,a ytim sya sndiri ytim piatu sya gk dpt bnsos apa pun tolg pk bntuan,a saya tgl di kp panunggulan desa babakn 02 kec tenjo kab bogor prov jwa barat
pk dedy mohon bntuan,a pk",0.0,Lain-lain
"Bukan kritik yg di perlukan,, tapi sadar diri dan tau malu😂😂😂😂",0.0,Lain-lain
Jika anda semua sudah tidak mau sudahlah mudur saja. Tinggal di ganti yang ngaggur masih banyak,0.0,Lain-lain
"Buka dong proses dri awal cara penetapan Umk,ump,umsk.siapa sj yg terlibat dalam penetapn tsb agar terlihat siapa sbnrnya yg tdk beres.Klu tdk terbuka kt tdk pernah tau siapa sbnarnya yg tdk bekerja sesuai aturan yg ad.",0.0,Kelayakan Upah
Kdm cerdas karna jika para investor pada tutup maka ribuan buruh harus kehilangan pekerjaannya.,0.0,Kelayakan Upah
"Gak mau kebijakan pabrik, keluar saja kok repot,, setiap tahun ada lulusan baru yg. Melamar kerja ,, keluar gak usah demo, toh yg enak pentolan pendemo bisa dj suap sama pabrik, uang damai,",0.0,Optimisme Ekonomi
"Kalo anarkis pabriknya suruh pindah kota saja, kami akan lebih senang melihat penyesalan mereka seperti di Cirebon, biar mereka tau pelajaran tentang bersyukur, yg nganggur ngantri untuk menggantikan posisi mereka",0.0,Lain-lain
"YANG DEMO PHK 
BIAR YG LAMA NGANGGUR MASUK KERJA",0.0,Optimisme Ekonomi
Bukan hanya terbuka kritik..klo ga bisa ngurus rakyatnya pejabat nya Mundur aja tau diri..banyak ngeles..banyak teori..payah,0.0,Tuntutan Keadilan
Dia  blum  liat  orng  klaimatan  dtang  di  rumah  nya  rmai2  kli  untung  gantikan  nya,0.0,Biaya Sewa
Kpala  buruh  tu  di gnti  aja dk  becus,0.0,Kelayakan Upah
datang kadiyelah sakalian cek lapangan,0.0,Harga Pangan
pabrik bagi yg dejat sama warga aslimah.cuummaaan yaaammmpppaaahhh kang,0.0,Lain-lain
"gajih laletik beban moral,ahlak tarusak eta nukatingali di samping kawasan kang",0.0,Kelayakan Upah
"UMP.paling penting kang klu emang mau milih buruh,warga akang kebayakan buruh kang.budakna gering wae ges teu kaurus komo sakolanamah.watirkangah",0.0,Kelayakan Upah
"Demo minta naik gaji,pengusaha itu punya baget utk gaji karyawan klo minta naik phk aja msih antri byk org ngangur",1.0,Tuntutan Keadilan
Jika buruh - buruh membandel ngikutin said Iqbal? Lebih baik di PHK masalah saja! Yang nganggur masuk kerja!🙏,0.0,Kelayakan Upah
Yg demo kebanyakan dari Bekasi dari Depok dari Karawang 😏,0.0,Lain-lain
"saya aja kepengen banget kerja tapi umur udah di atas 30 ditambah lagi cacat lahir yah tapi sayang negara ini kurang ramah lokernya aja kriteria nabi
saya dengan sadar diri mundur tanpa bertarung 🐭",0.0,Tuntutan Keadilan
Yg demo suruh phk aja .pimpinan kita udh bijak bngt buat rakyat,0.0,Tuntutan Keadilan
Biasalah..yg demo pasti ada sponsornya yg benci dan bersebrangan dengan semua kebijakan gubernur Jabar.,0.0,Optimisme Ekonomi
PHK,0.0,Lain-lain
Yg demo anarkis PHK masal saja biar efek jera kudu bersyukur maraneh  bisa di gawe keneh ges ngangur lebok buruh,0.0,Kelayakan Upah
Kalau anarkis harus di keluarkan biar yg belum kerja pada kerja,0.0,Optimisme Ekonomi
"Skrg Gaji naik, biaya yg dikeluarkan perusahaan terlalu besar dr pndapatan yg masuk, lama2 merugi, perusahaan tutup atau pindah ke daerah lain, akhirnya phk massal, ujungnya demo lagi ke gub😂😂",1.0,Kelayakan Upah
"Dari pada demo mah, cape lur,mending oge pokus kerja,harerse neangan gawe teh,coba pikirkeun dengan kepala dingin,pikirkan anak istri di rmh",0.0,Optimisme Ekonomi
"Yg demo yg kritik itu ditunggangi kaum elit, LsM gembel yg mata pencaharianya yg ilegal 😂😂😂 masyarakat 99% mendukung kebijakan P Gubernur 🇮🇩👌👍",0.0,Kebijakan Pemprov
"Buruh lama2 nlunjak,pecatin semua ajah",0.0,Kelayakan Upah
Yang demo kalo bisa PHK masal yang nganggur masuk kerja biar yang demo merasakan susahyah cari kerja di negri sendiri😂😂,0.0,Optimisme Ekonomi
"Sehat selalu pak Dedi  ,, dan PKH aja yg demoo ituu biar dia  ngerasain",0.0,Lain-lain
"Yang demo PHK 
Yang nganggur masuk kerja",0.0,Optimisme Ekonomi
"yang perlu ditegaskan bahwa dijawa barat masih banyak pengangguran dan orang miskin, jadi anda yang demo termasuk orang yang beruntung karena masih memiliki pekerjaan masih bisa beli beras walaupun hidup pas-pasan, anda juga perlu memikirkan saudara-saudara kita pengangguran dan miskin.",0.0,Harga Pangan
Semoga pendemo kemarin  banyak yg di PHK,0.0,Lain-lain
Yng demo manusia tidak bersukur.,0.0,Lain-lain
"KDM = Mulyono , kebanyakan omon2 Wkwkwk",0.0,Lain-lain
"Sing sabar pak KDM 
Ngurus masarakat mah hese lieur loba ngagugu hawa nafsu
Istiqomah Mun Aya NU demo ngacawkeun buat rusuh kalem Weh saya mah rek ngopi😅😂",0.0,Lain-lain
"JANGAN TERLALU BAIK PAK , SEKALI KALI GAS AJA PAK, KLO BANYAK PENGANGGURAN  JUGA MEREKA GAK TANGGUNGJAWAB  
JAGA KESEHATAN PAK😢",0.0,Lain-lain
Sehat Selalu Bapak Aing Wellkeun,0.0,Lain-lain
