id,kode_provinsi,nama_provinsi,kode_kabupaten_kota,nama_kabupaten_kota,kode_bulan,nama_bulan,tingkat_inflasi,satuan,tahun
361,32,JAWA BARAT,3204,KABUPATEN BANDUNG,1,JANUARI,0,PERSEN,2021
362,32,JAWA BARAT,3210,KABUPATEN MAJALENGKA,1,JANUARI,0,PERSEN,2021
363,32,JAWA BARAT,3213,KABUPATEN SUBANG,1,JANUARI,0,PERSEN,2021
364,32,JAWA BARAT,3271,KOTA BOGOR,1,JANUARI,0.19,PERSEN,2021
365,32,JAWA BARAT,3272,KOTA SUKABUMI,1,JANUARI,0.26,PERSEN,2021
366,32,JAWA BARAT,3273,KOTA BANDUNG,1,JANUARI,0.1,PERSEN,2021
367,32,JAWA BARAT,3274,KOTA CIREBON,1,JANUARI,0.08,PERSEN,2021
368,32,JAWA BARAT,3275,KOTA BEKASI,1,JANUARI,0.19,PERSEN,2021
369,32,JAWA BARAT,3276,KOTA DEPOK,1,JANUARI,0.14,PERSEN,2021
370,32,JAWA BARAT,3278,KOTA TASIKMALAYA,1,JANUARI,0.25,PERSEN,2021
371,32,JAWA BARAT,3204,KABUPATEN BANDUNG,2,FEBRUARI,0,PERSEN,2021
372,32,JAWA BARAT,3210,KABUPATEN MAJALENGKA,2,FEBRUARI,0,PERSEN,2021
373,32,JAWA BARAT,3213,KABUPATEN SUBANG,2,FEBRUARI,0,PERSEN,2021
374,32,JAWA BARAT,3271,KOTA BOGOR,2,FEBRUARI,0.24,PERSEN,2021
375,32,JAWA BARAT,3272,KOTA SUKABUMI,2,FEBRUARI,0.07,PERSEN,2021
376,32,JAWA BARAT,3273,KOTA BANDUNG,2,FEBRUARI,0.09,PERSEN,2021
377,32,JAWA BARAT,3274,KOTA CIREBON,2,FEBRUARI,0.07,PERSEN,2021
378,32,JAWA BARAT,3275,KOTA BEKASI,2,FEBRUARI,0.23,PERSEN,2021
379,32,JAWA BARAT,3276,KOTA DEPOK,2,FEBRUARI,0.2,PERSEN,2021
380,32,JAWA BARAT,3278,KOTA TASIKMALAYA,2,FEBRUARI,0.02,PERSEN,2021
381,32,JAWA BARAT,3204,KABUPATEN BANDUNG,3,MARET,0,PERSEN,2021
382,32,JAWA BARAT,3210,KABUPATEN MAJALENGKA,3,MARET,0,PERSEN,2021
383,32,JAWA BARAT,3213,KABUPATEN SUBANG,3,MARET,0,PERSEN,2021
384,32,JAWA BARAT,3271,KOTA BOGOR,3,MARET,0.06,PERSEN,2021
385,32,JAWA BARAT,3272,KOTA SUKABUMI,3,MARET,0.19,PERSEN,2021
386,32,JAWA BARAT,3273,KOTA BANDUNG,3,MARET,0.15,PERSEN,2021
387,32,JAWA BARAT,3274,KOTA CIREBON,3,MARET,0.07,PERSEN,2021
388,32,JAWA BARAT,3275,KOTA BEKASI,3,MARET,-0.1,PERSEN,2021
389,32,JAWA BARAT,3276,KOTA DEPOK,3,MARET,0.05,PERSEN,2021
390,32,JAWA BARAT,3278,KOTA TASIKMALAYA,3,MARET,-0.06,PERSEN,2021
391,32,JAWA BARAT,3204,KABUPATEN BANDUNG,4,APRIL,0,PERSEN,2021
392,32,JAWA BARAT,3210,KABUPATEN MAJALENGKA,4,APRIL,0,PERSEN,2021
393,32,JAWA BARAT,3213,KABUPATEN SUBANG,4,APRIL,0,PERSEN,2021
394,32,JAWA BARAT,3271,KOTA BOGOR,4,APRIL,0.24,PERSEN,2021
395,32,JAWA BARAT,3272,KOTA SUKABUMI,4,APRIL,0.3,PERSEN,2021
396,32,JAWA BARAT,3273,KOTA BANDUNG,4,APRIL,0.19,PERSEN,2021
397,32,JAWA BARAT,3274,KOTA CIREBON,4,APRIL,0.33,PERSEN,2021
398,32,JAWA BARAT,3275,KOTA BEKASI,4,APRIL,0.13,PERSEN,2021
399,32,JAWA BARAT,3276,KOTA DEPOK,4,APRIL,0.33,PERSEN,2021
400,32,JAWA BARAT,3278,KOTA TASIKMALAYA,4,APRIL,0.38,PERSEN,2021
401,32,JAWA BARAT,3204,KABUPATEN BANDUNG,5,MEI,0,PERSEN,2021
402,32,JAWA BARAT,3210,KABUPATEN MAJALENGKA,5,MEI,0,PERSEN,2021
403,32,JAWA BARAT,3213,KABUPATEN SUBANG,5,MEI,0,PERSEN,2021
404,32,JAWA BARAT,3271,KOTA BOGOR,5,MEI,0.4,PERSEN,2021
405,32,JAWA BARAT,3272,KOTA SUKABUMI,5,MEI,0.09,PERSEN,2021
406,32,JAWA BARAT,3273,KOTA BANDUNG,5,MEI,0.4,PERSEN,2021
407,32,JAWA BARAT,3274,KOTA CIREBON,5,MEI,0.34,PERSEN,2021
408,32,JAWA BARAT,3275,KOTA BEKASI,5,MEI,0.25,PERSEN,2021
409,32,JAWA BARAT,3276,KOTA DEPOK,5,MEI,0.65,PERSEN,2021
410,32,JAWA BARAT,3278,KOTA TASIKMALAYA,5,MEI,0.11,PERSEN,2021
411,32,JAWA BARAT,3204,KABUPATEN BANDUNG,6,JUNI,0,PERSEN,2021
412,32,JAWA BARAT,3210,KABUPATEN MAJALENGKA,6,JUNI,0,PERSEN,2021
413,32,JAWA BARAT,3213,KABUPATEN SUBANG,6,JUNI,0,PERSEN,2021
414,32,JAWA BARAT,3271,KOTA BOGOR,6,JUNI,-0.17,PERSEN,2021
415,32,JAWA BARAT,3272,KOTA SUKABUMI,6,JUNI,-0.12,PERSEN,2021
416,32,JAWA BARAT,3273,KOTA BANDUNG,6,JUNI,-0.09,PERSEN,2021
417,32,JAWA BARAT,3274,KOTA CIREBON,6,JUNI,-0.17,PERSEN,2021
418,32,JAWA BARAT,3275,KOTA BEKASI,6,JUNI,-0.33,PERSEN,2021
419,32,JAWA BARAT,3276,KOTA DEPOK,6,JUNI,-0.29,PERSEN,2021
420,32,JAWA BARAT,3278,KOTA TASIKMALAYA,6,JUNI,-0.05,PERSEN,2021
421,32,JAWA BARAT,3204,KABUPATEN BANDUNG,7,JULI,0,PERSEN,2021
422,32,JAWA BARAT,3210,KABUPATEN MAJALENGKA,7,JULI,0,PERSEN,2021
423,32,JAWA BARAT,3213,KABUPATEN SUBANG,7,JULI,0,PERSEN,2021
424,32,JAWA BARAT,3271,KOTA BOGOR,7,JULI,0.07,PERSEN,2021
425,32,JAWA BARAT,3272,KOTA SUKABUMI,7,JULI,0.1,PERSEN,2021
426,32,JAWA BARAT,3273,KOTA BANDUNG,7,JULI,0.19,PERSEN,2021
427,32,JAWA BARAT,3274,KOTA CIREBON,7,JULI,0.02,PERSEN,2021
428,32,JAWA BARAT,3275,KOTA BEKASI,7,JULI,0.19,PERSEN,2021
429,32,JAWA BARAT,3276,KOTA DEPOK,7,JULI,-0.03,PERSEN,2021
430,32,JAWA BARAT,3278,KOTA TASIKMALAYA,7,JULI,0.08,PERSEN,2021
431,32,JAWA BARAT,3204,KABUPATEN BANDUNG,8,AGUSTUS,0,PERSEN,2021
432,32,JAWA BARAT,3210,KABUPATEN MAJALENGKA,8,AGUSTUS,0,PERSEN,2021
433,32,JAWA BARAT,3213,KABUPATEN SUBANG,8,AGUSTUS,0,PERSEN,2021
434,32,JAWA BARAT,3271,KOTA BOGOR,8,AGUSTUS,0.08,PERSEN,2021
435,32,JAWA BARAT,3272,KOTA SUKABUMI,8,AGUSTUS,-0.03,PERSEN,2021
436,32,JAWA BARAT,3273,KOTA BANDUNG,8,AGUSTUS,0.09,PERSEN,2021
437,32,JAWA BARAT,3274,KOTA CIREBON,8,AGUSTUS,0.09,PERSEN,2021
438,32,JAWA BARAT,3275,KOTA BEKASI,8,AGUSTUS,0.25,PERSEN,2021
439,32,JAWA BARAT,3276,KOTA DEPOK,8,AGUSTUS,0.06,PERSEN,2021
440,32,JAWA BARAT,3278,KOTA TASIKMALAYA,8,AGUSTUS,0.02,PERSEN,2021
441,32,JAWA BARAT,3204,KABUPATEN BANDUNG,9,SEPTEMBER,0,PERSEN,2021
442,32,JAWA BARAT,3210,KABUPATEN MAJALENGKA,9,SEPTEMBER,0,PERSEN,2021
443,32,JAWA BARAT,3213,KABUPATEN SUBANG,9,SEPTEMBER,0,PERSEN,2021
444,32,JAWA BARAT,3271,KOTA BOGOR,9,SEPTEMBER,-0.1,PERSEN,2021
445,32,JAWA BARAT,3272,KOTA SUKABUMI,9,SEPTEMBER,-0.1,PERSEN,2021
446,32,JAWA BARAT,3273,KOTA BANDUNG,9,SEPTEMBER,-0.14,PERSEN,2021
447,32,JAWA BARAT,3274,KOTA CIREBON,9,SEPTEMBER,-0.06,PERSEN,2021
448,32,JAWA BARAT,3275,KOTA BEKASI,9,SEPTEMBER,-0.12,PERSEN,2021
449,32,JAWA BARAT,3276,KOTA DEPOK,9,SEPTEMBER,-0.07,PERSEN,2021
450,32,JAWA BARAT,3278,KOTA TASIKMALAYA,9,SEPTEMBER,-0.24,PERSEN,2021
451,32,JAWA BARAT,3204,KABUPATEN BANDUNG,10,OKTOBER,0,PERSEN,2021
452,32,JAWA BARAT,3210,KABUPATEN MAJALENGKA,10,OKTOBER,0,PERSEN,2021
453,32,JAWA BARAT,3213,KABUPATEN SUBANG,10,OKTOBER,0,PERSEN,2021
454,32,JAWA BARAT,3271,KOTA BOGOR,10,OKTOBER,0.08,PERSEN,2021
455,32,JAWA BARAT,3272,KOTA SUKABUMI,10,OKTOBER,0.04,PERSEN,2021
456,32,JAWA BARAT,3273,KOTA BANDUNG,10,OKTOBER,0.07,PERSEN,2021
457,32,JAWA BARAT,3274,KOTA CIREBON,10,OKTOBER,0.08,PERSEN,2021
458,32,JAWA BARAT,3275,KOTA BEKASI,10,OKTOBER,0.05,PERSEN,2021
459,32,JAWA BARAT,3276,KOTA DEPOK,10,OKTOBER,0.15,PERSEN,2021
460,32,JAWA BARAT,3278,KOTA TASIKMALAYA,10,OKTOBER,0.03,PERSEN,2021
461,32,JAWA BARAT,3204,KABUPATEN BANDUNG,11,NOVEMBER,0,PERSEN,2021
462,32,JAWA BARAT,3210,KABUPATEN MAJALENGKA,11,NOVEMBER,0,PERSEN,2021
463,32,JAWA BARAT,3213,KABUPATEN SUBANG,11,NOVEMBER,0,PERSEN,2021
464,32,JAWA BARAT,3271,KOTA BOGOR,11,NOVEMBER,0.26,PERSEN,2021
465,32,JAWA BARAT,3272,KOTA SUKABUMI,11,NOVEMBER,0.57,PERSEN,2021
466,32,JAWA BARAT,3273,KOTA BANDUNG,11,NOVEMBER,0.14,PERSEN,2021
467,32,JAWA BARAT,3274,KOTA CIREBON,11,NOVEMBER,0.42,PERSEN,2021
468,32,JAWA BARAT,3275,KOTA BEKASI,11,NOVEMBER,0.32,PERSEN,2021
469,32,JAWA BARAT,3276,KOTA DEPOK,11,NOVEMBER,0.28,PERSEN,2021
470,32,JAWA BARAT,3278,KOTA TASIKMALAYA,11,NOVEMBER,0.17,PERSEN,2021
471,32,JAWA BARAT,3204,KABUPATEN BANDUNG,12,DESEMBER,0,PERSEN,2021
472,32,JAWA BARAT,3210,KABUPATEN MAJALENGKA,12,DESEMBER,0,PERSEN,2021
473,32,JAWA BARAT,3213,KABUPATEN SUBANG,12,DESEMBER,0,PERSEN,2021
474,32,JAWA BARAT,3271,KOTA BOGOR,12,DESEMBER,0.56,PERSEN,2021
475,32,JAWA BARAT,3272,KOTA SUKABUMI,12,DESEMBER,0.34,PERSEN,2021
476,32,JAWA BARAT,3273,KOTA BANDUNG,12,DESEMBER,0.45,PERSEN,2021
477,32,JAWA BARAT,3274,KOTA CIREBON,12,DESEMBER,0.54,PERSEN,2021
478,32,JAWA BARAT,3275,KOTA BEKASI,12,DESEMBER,0.54,PERSEN,2021
479,32,JAWA BARAT,3276,KOTA DEPOK,12,DESEMBER,0.33,PERSEN,2021
480,32,JAWA BARAT,3278,KOTA TASIKMALAYA,12,DESEMBER,0.46,PERSEN,2021
481,32,JAWA BARAT,3204,KABUPATEN BANDUNG,1,JANUARI,0,PERSEN,2022
482,32,JAWA BARAT,3210,KABUPATEN MAJALENGKA,1,JANUARI,0,PERSEN,2022
483,32,JAWA BARAT,3213,KABUPATEN SUBANG,1,JANUARI,0,PERSEN,2022
484,32,JAWA BARAT,3271,KOTA BOGOR,1,JANUARI,0.53,PERSEN,2022
485,32,JAWA BARAT,3272,KOTA SUKABUMI,1,JANUARI,0.59,PERSEN,2022
486,32,JAWA BARAT,3273,KOTA BANDUNG,1,JANUARI,0.46,PERSEN,2022
487,32,JAWA BARAT,3274,KOTA CIREBON,1,JANUARI,0.55,PERSEN,2022
488,32,JAWA BARAT,3275,KOTA BEKASI,1,JANUARI,0.39,PERSEN,2022
489,32,JAWA BARAT,3276,KOTA DEPOK,1,JANUARI,0.49,PERSEN,2022
490,32,JAWA BARAT,3278,KOTA TASIKMALAYA,1,JANUARI,0.45,PERSEN,2022
491,32,JAWA BARAT,3204,KABUPATEN BANDUNG,2,FEBRUARI,0,PERSEN,2022
492,32,JAWA BARAT,3210,KABUPATEN MAJALENGKA,2,FEBRUARI,0,PERSEN,2022
493,32,JAWA BARAT,3213,KABUPATEN SUBANG,2,FEBRUARI,0,PERSEN,2022
494,32,JAWA BARAT,3271,KOTA BOGOR,2,FEBRUARI,0.13,PERSEN,2022
495,32,JAWA BARAT,3272,KOTA SUKABUMI,2,FEBRUARI,0.11,PERSEN,2022
496,32,JAWA BARAT,3273,KOTA BANDUNG,2,FEBRUARI,0.14,PERSEN,2022
497,32,JAWA BARAT,3274,KOTA CIREBON,2,FEBRUARI,0.15,PERSEN,2022
498,32,JAWA BARAT,3275,KOTA BEKASI,2,FEBRUARI,0.31,PERSEN,2022
499,32,JAWA BARAT,3276,KOTA DEPOK,2,FEBRUARI,0.28,PERSEN,2022
500,32,JAWA BARAT,3278,KOTA TASIKMALAYA,2,FEBRUARI,0.48,PERSEN,2022
501,32,JAWA BARAT,3204,KABUPATEN BANDUNG,3,MARET,0,PERSEN,2022
502,32,JAWA BARAT,3210,KABUPATEN MAJALENGKA,3,MARET,0,PERSEN,2022
503,32,JAWA BARAT,3213,KABUPATEN SUBANG,3,MARET,0,PERSEN,2022
504,32,JAWA BARAT,3271,KOTA BOGOR,3,MARET,0.97,PERSEN,2022
505,32,JAWA BARAT,3272,KOTA SUKABUMI,3,MARET,0.67,PERSEN,2022
506,32,JAWA BARAT,3273,KOTA BANDUNG,3,MARET,0.84,PERSEN,2022
507,32,JAWA BARAT,3274,KOTA CIREBON,3,MARET,0.64,PERSEN,2022
508,32,JAWA BARAT,3275,KOTA BEKASI,3,MARET,0.38,PERSEN,2022
509,32,JAWA BARAT,3276,KOTA DEPOK,3,MARET,0.85,PERSEN,2022
510,32,JAWA BARAT,3278,KOTA TASIKMALAYA,3,MARET,1.04,PERSEN,2022
511,32,JAWA BARAT,3204,KABUPATEN BANDUNG,4,APRIL,0,PERSEN,2022
512,32,JAWA BARAT,3210,KABUPATEN MAJALENGKA,4,APRIL,0,PERSEN,2022
513,32,JAWA BARAT,3213,KABUPATEN SUBANG,4,APRIL,0,PERSEN,2022
514,32,JAWA BARAT,3271,KOTA BOGOR,4,APRIL,0.68,PERSEN,2022
515,32,JAWA BARAT,3272,KOTA SUKABUMI,4,APRIL,0.78,PERSEN,2022
516,32,JAWA BARAT,3273,KOTA BANDUNG,4,APRIL,1.12,PERSEN,2022
517,32,JAWA BARAT,3274,KOTA CIREBON,4,APRIL,0.72,PERSEN,2022
518,32,JAWA BARAT,3275,KOTA BEKASI,4,APRIL,0.96,PERSEN,2022
519,32,JAWA BARAT,3276,KOTA DEPOK,4,APRIL,1.37,PERSEN,2022
520,32,JAWA BARAT,3278,KOTA TASIKMALAYA,4,APRIL,1.36,PERSEN,2022
521,32,JAWA BARAT,3204,KABUPATEN BANDUNG,5,MEI,0,PERSEN,2022
522,32,JAWA BARAT,3210,KABUPATEN MAJALENGKA,5,MEI,0,PERSEN,2022
523,32,JAWA BARAT,3213,KABUPATEN SUBANG,5,MEI,0,PERSEN,2022
524,32,JAWA BARAT,3271,KOTA BOGOR,5,MEI,0.55,PERSEN,2022
525,32,JAWA BARAT,3272,KOTA SUKABUMI,5,MEI,0.25,PERSEN,2022
526,32,JAWA BARAT,3273,KOTA BANDUNG,5,MEI,0.37,PERSEN,2022
527,32,JAWA BARAT,3274,KOTA CIREBON,5,MEI,0.42,PERSEN,2022
528,32,JAWA BARAT,3275,KOTA BEKASI,5,MEI,0.29,PERSEN,2022
529,32,JAWA BARAT,3276,KOTA DEPOK,5,MEI,0.26,PERSEN,2022
530,32,JAWA BARAT,3278,KOTA TASIKMALAYA,5,MEI,0.76,PERSEN,2022
531,32,JAWA BARAT,3204,KABUPATEN BANDUNG,6,JUNI,0,PERSEN,2022
532,32,JAWA BARAT,3210,KABUPATEN MAJALENGKA,6,JUNI,0,PERSEN,2022
533,32,JAWA BARAT,3213,KABUPATEN SUBANG,6,JUNI,0,PERSEN,2022
534,32,JAWA BARAT,3271,KOTA BOGOR,6,JUNI,0.75,PERSEN,2022
535,32,JAWA BARAT,3272,KOTA SUKABUMI,6,JUNI,0.58,PERSEN,2022
536,32,JAWA BARAT,3273,KOTA BANDUNG,6,JUNI,0.74,PERSEN,2022
537,32,JAWA BARAT,3274,KOTA CIREBON,6,JUNI,0.48,PERSEN,2022
538,32,JAWA BARAT,3275,KOTA BEKASI,6,JUNI,0.49,PERSEN,2022
539,32,JAWA BARAT,3276,KOTA DEPOK,6,JUNI,0.53,PERSEN,2022
540,32,JAWA BARAT,3278,KOTA TASIKMALAYA,6,JUNI,0.41,PERSEN,2022
541,32,JAWA BARAT,3204,KABUPATEN BANDUNG,7,JULI,0,PERSEN,2022
542,32,JAWA BARAT,3210,KABUPATEN MAJALENGKA,7,JULI,0,PERSEN,2022
543,32,JAWA BARAT,3213,KABUPATEN SUBANG,7,JULI,0,PERSEN,2022
544,32,JAWA BARAT,3271,KOTA BOGOR,7,JULI,0.55,PERSEN,2022
545,32,JAWA BARAT,3272,KOTA SUKABUMI,7,JULI,0.43,PERSEN,2022
546,32,JAWA BARAT,3273,KOTA BANDUNG,7,JULI,0.6,PERSEN,2022
547,32,JAWA BARAT,3274,KOTA CIREBON,7,JULI,0.36,PERSEN,2022
548,32,JAWA BARAT,3275,KOTA BEKASI,7,JULI,0.62,PERSEN,2022
549,32,JAWA BARAT,3276,KOTA DEPOK,7,JULI,0.71,PERSEN,2022
550,32,JAWA BARAT,3278,KOTA TASIKMALAYA,7,JULI,0.57,PERSEN,2022
551,32,JAWA BARAT,3204,KABUPATEN BANDUNG,8,AGUSTUS,0,PERSEN,2022
552,32,JAWA BARAT,3210,KABUPATEN MAJALENGKA,8,AGUSTUS,0,PERSEN,2022
553,32,JAWA BARAT,3213,KABUPATEN SUBANG,8,AGUSTUS,0,PERSEN,2022
554,32,JAWA BARAT,3271,KOTA BOGOR,8,AGUSTUS,-0.45,PERSEN,2022
555,32,JAWA BARAT,3272,KOTA SUKABUMI,8,AGUSTUS,-0.04,PERSEN,2022
556,32,JAWA BARAT,3273,KOTA BANDUNG,8,AGUSTUS,-0.24,PERSEN,2022
557,32,JAWA BARAT,3274,KOTA CIREBON,8,AGUSTUS,-0.03,PERSEN,2022
558,32,JAWA BARAT,3275,KOTA BEKASI,8,AGUSTUS,0.12,PERSEN,2022
559,32,JAWA BARAT,3276,KOTA DEPOK,8,AGUSTUS,-0.01,PERSEN,2022
560,32,JAWA BARAT,3278,KOTA TASIKMALAYA,8,AGUSTUS,-0.22,PERSEN,2022
561,32,JAWA BARAT,3204,KABUPATEN BANDUNG,9,SEPTEMBER,0,PERSEN,2022
562,32,JAWA BARAT,3210,KABUPATEN MAJALENGKA,9,SEPTEMBER,0,PERSEN,2022
563,32,JAWA BARAT,3213,KABUPATEN SUBANG,9,SEPTEMBER,0,PERSEN,2022
564,32,JAWA BARAT,3271,KOTA BOGOR,9,SEPTEMBER,1.18,PERSEN,2022
565,32,JAWA BARAT,3272,KOTA SUKABUMI,9,SEPTEMBER,1.33,PERSEN,2022
566,32,JAWA BARAT,3273,KOTA BANDUNG,9,SEPTEMBER,0.91,PERSEN,2022
567,32,JAWA BARAT,3274,KOTA CIREBON,9,SEPTEMBER,1.12,PERSEN,2022
568,32,JAWA BARAT,3275,KOTA BEKASI,9,SEPTEMBER,1.38,PERSEN,2022
569,32,JAWA BARAT,3276,KOTA DEPOK,9,SEPTEMBER,1.24,PERSEN,2022
570,32,JAWA BARAT,3278,KOTA TASIKMALAYA,9,SEPTEMBER,0.95,PERSEN,2022
571,32,JAWA BARAT,3204,KABUPATEN BANDUNG,10,OKTOBER,0,PERSEN,2022
572,32,JAWA BARAT,3210,KABUPATEN MAJALENGKA,10,OKTOBER,0,PERSEN,2022
573,32,JAWA BARAT,3213,KABUPATEN SUBANG,10,OKTOBER,0,PERSEN,2022
574,32,JAWA BARAT,3271,KOTA BOGOR,10,OKTOBER,0.1,PERSEN,2022
575,32,JAWA BARAT,3272,KOTA SUKABUMI,10,OKTOBER,-0.04,PERSEN,2022
576,32,JAWA BARAT,3273,KOTA BANDUNG,10,OKTOBER,0.12,PERSEN,2022
577,32,JAWA BARAT,3274,KOTA CIREBON,10,OKTOBER,-0.1,PERSEN,2022
578,32,JAWA BARAT,3275,KOTA BEKASI,10,OKTOBER,-0.19,PERSEN,2022
579,32,JAWA BARAT,3276,KOTA DEPOK,10,OKTOBER,-0.26,PERSEN,2022
580,32,JAWA BARAT,3278,KOTA TASIKMALAYA,10,OKTOBER,-0.05,PERSEN,2022
581,32,JAWA BARAT,3204,KABUPATEN BANDUNG,11,NOVEMBER,0,PERSEN,2022
582,32,JAWA BARAT,3210,KABUPATEN MAJALENGKA,11,NOVEMBER,0,PERSEN,2022
583,32,JAWA BARAT,3213,KABUPATEN SUBANG,11,NOVEMBER,0,PERSEN,2022
584,32,JAWA BARAT,3271,KOTA BOGOR,11,NOVEMBER,0.2,PERSEN,2022
585,32,JAWA BARAT,3272,KOTA SUKABUMI,11,NOVEMBER,0.18,PERSEN,2022
586,32,JAWA BARAT,3273,KOTA BANDUNG,11,NOVEMBER,0.12,PERSEN,2022
587,32,JAWA BARAT,3274,KOTA CIREBON,11,NOVEMBER,0.09,PERSEN,2022
588,32,JAWA BARAT,3275,KOTA BEKASI,11,NOVEMBER,0.04,PERSEN,2022
589,32,JAWA BARAT,3276,KOTA DEPOK,11,NOVEMBER,0.11,PERSEN,2022
590,32,JAWA BARAT,3278,KOTA TASIKMALAYA,11,NOVEMBER,0.18,PERSEN,2022
591,32,JAWA BARAT,3204,KABUPATEN BANDUNG,12,DESEMBER,0,PERSEN,2022
592,32,JAWA BARAT,3210,KABUPATEN MAJALENGKA,12,DESEMBER,0,PERSEN,2022
593,32,JAWA BARAT,3213,KABUPATEN SUBANG,12,DESEMBER,0,PERSEN,2022
594,32,JAWA BARAT,3271,KOTA BOGOR,12,DESEMBER,0.49,PERSEN,2022
595,32,JAWA BARAT,3272,KOTA SUKABUMI,12,DESEMBER,0.5,PERSEN,2022
596,32,JAWA BARAT,3273,KOTA BANDUNG,12,DESEMBER,2.04,PERSEN,2022
597,32,JAWA BARAT,3274,KOTA CIREBON,12,DESEMBER,0.35,PERSEN,2022
598,32,JAWA BARAT,3275,KOTA BEKASI,12,DESEMBER,0.46,PERSEN,2022
599,32,JAWA BARAT,3276,KOTA DEPOK,12,DESEMBER,0.32,PERSEN,2022
600,32,JAWA BARAT,3278,KOTA TASIKMALAYA,12,DESEMBER,0.53,PERSEN,2022
601,32,JAWA BARAT,3204,KABUPATEN BANDUNG,1,JANUARI,0,PERSEN,2023
602,32,JAWA BARAT,3210,KABUPATEN MAJALENGKA,1,JANUARI,0,PERSEN,2023
603,32,JAWA BARAT,3213,KABUPATEN SUBANG,1,JANUARI,0,PERSEN,2023
604,32,JAWA BARAT,3271,KOTA BOGOR,1,JANUARI,0.61,PERSEN,2023
605,32,JAWA BARAT,3272,KOTA SUKABUMI,1,JANUARI,0.38,PERSEN,2023
606,32,JAWA BARAT,3273,KOTA BANDUNG,1,JANUARI,0.38,PERSEN,2023
607,32,JAWA BARAT,3274,KOTA CIREBON,1,JANUARI,1.17,PERSEN,2023
608,32,JAWA BARAT,3275,KOTA BEKASI,1,JANUARI,0.41,PERSEN,2023
609,32,JAWA BARAT,3276,KOTA DEPOK,1,JANUARI,0.54,PERSEN,2023
610,32,JAWA BARAT,3278,KOTA TASIKMALAYA,1,JANUARI,0.41,PERSEN,2023
611,32,JAWA BARAT,3204,KABUPATEN BANDUNG,2,FEBRUARI,0,PERSEN,2023
612,32,JAWA BARAT,3210,KABUPATEN MAJALENGKA,2,FEBRUARI,0,PERSEN,2023
613,32,JAWA BARAT,3213,KABUPATEN SUBANG,2,FEBRUARI,0,PERSEN,2023
614,32,JAWA BARAT,3271,KOTA BOGOR,2,FEBRUARI,0.36,PERSEN,2023
615,32,JAWA BARAT,3272,KOTA SUKABUMI,2,FEBRUARI,0.31,PERSEN,2023
616,32,JAWA BARAT,3273,KOTA BANDUNG,2,FEBRUARI,0.26,PERSEN,2023
617,32,JAWA BARAT,3274,KOTA CIREBON,2,FEBRUARI,0.36,PERSEN,2023
618,32,JAWA BARAT,3275,KOTA BEKASI,2,FEBRUARI,0.39,PERSEN,2023
619,32,JAWA BARAT,3276,KOTA DEPOK,2,FEBRUARI,0.37,PERSEN,2023
620,32,JAWA BARAT,3278,KOTA TASIKMALAYA,2,FEBRUARI,0.41,PERSEN,2023
621,32,JAWA BARAT,3204,KABUPATEN BANDUNG,3,MARET,0,PERSEN,2023
622,32,JAWA BARAT,3210,KABUPATEN MAJALENGKA,3,MARET,0,PERSEN,2023
623,32,JAWA BARAT,3213,KABUPATEN SUBANG,3,MARET,0,PERSEN,2023
624,32,JAWA BARAT,3271,KOTA BOGOR,3,MARET,0.15,PERSEN,2023
625,32,JAWA BARAT,3272,KOTA SUKABUMI,3,MARET,0.15,PERSEN,2023
626,32,JAWA BARAT,3273,KOTA BANDUNG,3,MARET,-1.5,PERSEN,2023
627,32,JAWA BARAT,3274,KOTA CIREBON,3,MARET,0.17,PERSEN,2023
628,32,JAWA BARAT,3275,KOTA BEKASI,3,MARET,0.13,PERSEN,2023
629,32,JAWA BARAT,3276,KOTA DEPOK,3,MARET,0.16,PERSEN,2023
630,32,JAWA BARAT,3278,KOTA TASIKMALAYA,3,MARET,0.07,PERSEN,2023
631,32,JAWA BARAT,3204,KABUPATEN BANDUNG,4,APRIL,0,PERSEN,2023
632,32,JAWA BARAT,3210,KABUPATEN MAJALENGKA,4,APRIL,0,PERSEN,2023
633,32,JAWA BARAT,3213,KABUPATEN SUBANG,4,APRIL,0,PERSEN,2023
634,32,JAWA BARAT,3271,KOTA BOGOR,4,APRIL,0.32,PERSEN,2023
635,32,JAWA BARAT,3272,KOTA SUKABUMI,4,APRIL,0.48,PERSEN,2023
636,32,JAWA BARAT,3273,KOTA BANDUNG,4,APRIL,0.32,PERSEN,2023
637,32,JAWA BARAT,3274,KOTA CIREBON,4,APRIL,0.37,PERSEN,2023
638,32,JAWA BARAT,3275,KOTA BEKASI,4,APRIL,0.56,PERSEN,2023
639,32,JAWA BARAT,3276,KOTA DEPOK,4,APRIL,0.23,PERSEN,2023
640,32,JAWA BARAT,3278,KOTA TASIKMALAYA,4,APRIL,0.63,PERSEN,2023
641,32,JAWA BARAT,3204,KABUPATEN BANDUNG,5,MEI,0,PERSEN,2023
642,32,JAWA BARAT,3210,KABUPATEN MAJALENGKA,5,MEI,0,PERSEN,2023
643,32,JAWA BARAT,3213,KABUPATEN SUBANG,5,MEI,0,PERSEN,2023
644,32,JAWA BARAT,3271,KOTA BOGOR,5,MEI,0.22,PERSEN,2023
645,32,JAWA BARAT,3272,KOTA SUKABUMI,5,MEI,0.19,PERSEN,2023
646,32,JAWA BARAT,3273,KOTA BANDUNG,5,MEI,0.1,PERSEN,2023
647,32,JAWA BARAT,3274,KOTA CIREBON,5,MEI,0.15,PERSEN,2023
648,32,JAWA BARAT,3275,KOTA BEKASI,5,MEI,0.08,PERSEN,2023
649,32,JAWA BARAT,3276,KOTA DEPOK,5,MEI,0.11,PERSEN,2023
650,32,JAWA BARAT,3278,KOTA TASIKMALAYA,5,MEI,0.27,PERSEN,2023
651,32,JAWA BARAT,3204,KABUPATEN BANDUNG,6,JUNI,0,PERSEN,2023
652,32,JAWA BARAT,3210,KABUPATEN MAJALENGKA,6,JUNI,0,PERSEN,2023
653,32,JAWA BARAT,3213,KABUPATEN SUBANG,6,JUNI,0,PERSEN,2023
654,32,JAWA BARAT,3271,KOTA BOGOR,6,JUNI,0.18,PERSEN,2023
655,32,JAWA BARAT,3272,KOTA SUKABUMI,6,JUNI,0.16,PERSEN,2023
656,32,JAWA BARAT,3273,KOTA BANDUNG,6,JUNI,0.14,PERSEN,2023
657,32,JAWA BARAT,3274,KOTA CIREBON,6,JUNI,0.2,PERSEN,2023
658,32,JAWA BARAT,3275,KOTA BEKASI,6,JUNI,0.22,PERSEN,2023
659,32,JAWA BARAT,3276,KOTA DEPOK,6,JUNI,0.07,PERSEN,2023
660,32,JAWA BARAT,3278,KOTA TASIKMALAYA,6,JUNI,0.04,PERSEN,2023
661,32,JAWA BARAT,3204,KABUPATEN BANDUNG,7,JULI,0,PERSEN,2023
662,32,JAWA BARAT,3210,KABUPATEN MAJALENGKA,7,JULI,0,PERSEN,2023
663,32,JAWA BARAT,3213,KABUPATEN SUBANG,7,JULI,0,PERSEN,2023
664,32,JAWA BARAT,3271,KOTA BOGOR,7,JULI,0.24,PERSEN,2023
665,32,JAWA BARAT,3272,KOTA SUKABUMI,7,JULI,0.24,PERSEN,2023
666,32,JAWA BARAT,3273,KOTA BANDUNG,7,JULI,0.23,PERSEN,2023
667,32,JAWA BARAT,3274,KOTA CIREBON,7,JULI,0.22,PERSEN,2023
668,32,JAWA BARAT,3275,KOTA BEKASI,7,JULI,0.21,PERSEN,2023
669,32,JAWA BARAT,3276,KOTA DEPOK,7,JULI,0.21,PERSEN,2023
670,32,JAWA BARAT,3278,KOTA TASIKMALAYA,7,JULI,0.13,PERSEN,2023
671,32,JAWA BARAT,3204,KABUPATEN BANDUNG,8,AGUSTUS,0,PERSEN,2023
672,32,JAWA BARAT,3210,KABUPATEN MAJALENGKA,8,AGUSTUS,0,PERSEN,2023
673,32,JAWA BARAT,3213,KABUPATEN SUBANG,8,AGUSTUS,0,PERSEN,2023
674,32,JAWA BARAT,3271,KOTA BOGOR,8,AGUSTUS,-0.08,PERSEN,2023
675,32,JAWA BARAT,3272,KOTA SUKABUMI,8,AGUSTUS,-0.02,PERSEN,2023
676,32,JAWA BARAT,3273,KOTA BANDUNG,8,AGUSTUS,-0.02,PERSEN,2023
677,32,JAWA BARAT,3274,KOTA CIREBON,8,AGUSTUS,-0.11,PERSEN,2023
678,32,JAWA BARAT,3275,KOTA BEKASI,8,AGUSTUS,-0.08,PERSEN,2023
679,32,JAWA BARAT,3276,KOTA DEPOK,8,AGUSTUS,-0.03,PERSEN,2023
680,32,JAWA BARAT,3278,KOTA TASIKMALAYA,8,AGUSTUS,-0.04,PERSEN,2023
681,32,JAWA BARAT,3204,KABUPATEN BANDUNG,9,SEPTEMBER,0,PERSEN,2023
682,32,JAWA BARAT,3210,KABUPATEN MAJALENGKA,9,SEPTEMBER,0,PERSEN,2023
683,32,JAWA BARAT,3213,KABUPATEN SUBANG,9,SEPTEMBER,0,PERSEN,2023
684,32,JAWA BARAT,3271,KOTA BOGOR,9,SEPTEMBER,0.16,PERSEN,2023
685,32,JAWA BARAT,3272,KOTA SUKABUMI,9,SEPTEMBER,0.23,PERSEN,2023
686,32,JAWA BARAT,3273,KOTA BANDUNG,9,SEPTEMBER,0.11,PERSEN,2023
687,32,JAWA BARAT,3274,KOTA CIREBON,9,SEPTEMBER,0.18,PERSEN,2023
688,32,JAWA BARAT,3275,KOTA BEKASI,9,SEPTEMBER,0.08,PERSEN,2023
689,32,JAWA BARAT,3276,KOTA DEPOK,9,SEPTEMBER,0.09,PERSEN,2023
690,32,JAWA BARAT,3278,KOTA TASIKMALAYA,9,SEPTEMBER,0.34,PERSEN,2023
691,32,JAWA BARAT,3204,KABUPATEN BANDUNG,10,OKTOBER,0,PERSEN,2023
692,32,JAWA BARAT,3210,KABUPATEN MAJALENGKA,10,OKTOBER,0,PERSEN,2023
693,32,JAWA BARAT,3213,KABUPATEN SUBANG,10,OKTOBER,0,PERSEN,2023
694,32,JAWA BARAT,3271,KOTA BOGOR,10,OKTOBER,0.12,PERSEN,2023
695,32,JAWA BARAT,3272,KOTA SUKABUMI,10,OKTOBER,0.05,PERSEN,2023
696,32,JAWA BARAT,3273,KOTA BANDUNG,10,OKTOBER,0.08,PERSEN,2023
697,32,JAWA BARAT,3274,KOTA CIREBON,10,OKTOBER,0.04,PERSEN,2023
698,32,JAWA BARAT,3275,KOTA BEKASI,10,OKTOBER,0.14,PERSEN,2023
699,32,JAWA BARAT,3276,KOTA DEPOK,10,OKTOBER,0.15,PERSEN,2023
700,32,JAWA BARAT,3278,KOTA TASIKMALAYA,10,OKTOBER,0.01,PERSEN,2023
701,32,JAWA BARAT,3204,KABUPATEN BANDUNG,11,NOVEMBER,0,PERSEN,2023
702,32,JAWA BARAT,3210,KABUPATEN MAJALENGKA,11,NOVEMBER,0,PERSEN,2023
703,32,JAWA BARAT,3213,KABUPATEN SUBANG,11,NOVEMBER,0,PERSEN,2023
704,32,JAWA BARAT,3271,KOTA BOGOR,11,NOVEMBER,0.81,PERSEN,2023
705,32,JAWA BARAT,3272,KOTA SUKABUMI,11,NOVEMBER,0.33,PERSEN,2023
706,32,JAWA BARAT,3273,KOTA BANDUNG,11,NOVEMBER,0.22,PERSEN,2023
707,32,JAWA BARAT,3274,KOTA CIREBON,11,NOVEMBER,0.16,PERSEN,2023
708,32,JAWA BARAT,3275,KOTA BEKASI,11,NOVEMBER,0.41,PERSEN,2023
709,32,JAWA BARAT,3276,KOTA DEPOK,11,NOVEMBER,0.26,PERSEN,2023
710,32,JAWA BARAT,3278,KOTA TASIKMALAYA,11,NOVEMBER,0.26,PERSEN,2023
711,32,JAWA BARAT,3204,KABUPATEN BANDUNG,12,DESEMBER,0,PERSEN,2023
712,32,JAWA BARAT,3210,KABUPATEN MAJALENGKA,12,DESEMBER,0,PERSEN,2023
713,32,JAWA BARAT,3213,KABUPATEN SUBANG,12,DESEMBER,0,PERSEN,2023
714,32,JAWA BARAT,3271,KOTA BOGOR,12,DESEMBER,0.22,PERSEN,2023
715,32,JAWA BARAT,3272,KOTA SUKABUMI,12,DESEMBER,0.19,PERSEN,2023
716,32,JAWA BARAT,3273,KOTA BANDUNG,12,DESEMBER,0.32,PERSEN,2023
717,32,JAWA BARAT,3274,KOTA CIREBON,12,DESEMBER,0.29,PERSEN,2023
718,32,JAWA BARAT,3275,KOTA BEKASI,12,DESEMBER,0.54,PERSEN,2023
719,32,JAWA BARAT,3276,KOTA DEPOK,12,DESEMBER,0.27,PERSEN,2023
720,32,JAWA BARAT,3278,KOTA TASIKMALAYA,12,DESEMBER,0.27,PERSEN,2023
721,32,JAWA BARAT,3204,KABUPATEN BANDUNG,1,JANUARI,0.06,PERSEN,2024
722,32,JAWA BARAT,3210,KABUPATEN MAJALENGKA,1,JANUARI,0.06,PERSEN,2024
723,32,JAWA BARAT,3213,KABUPATEN SUBANG,1,JANUARI,0.28,PERSEN,2024
724,32,JAWA BARAT,3271,KOTA BOGOR,1,JANUARI,0.06,PERSEN,2024
725,32,JAWA BARAT,3272,KOTA SUKABUMI,1,JANUARI,0.47,PERSEN,2024
726,32,JAWA BARAT,3273,KOTA BANDUNG,1,JANUARI,0.1,PERSEN,2024
727,32,JAWA BARAT,3274,KOTA CIREBON,1,JANUARI,0.04,PERSEN,2024
728,32,JAWA BARAT,3275,KOTA BEKASI,1,JANUARI,0.24,PERSEN,2024
729,32,JAWA BARAT,3276,KOTA DEPOK,1,JANUARI,0.2,PERSEN,2024
730,32,JAWA BARAT,3278,KOTA TASIKMALAYA,1,JANUARI,0.1,PERSEN,2024
731,32,JAWA BARAT,3204,KABUPATEN BANDUNG,2,FEBRUARI,0.31,PERSEN,2024
732,32,JAWA BARAT,3210,KABUPATEN MAJALENGKA,2,FEBRUARI,0.39,PERSEN,2024
733,32,JAWA BARAT,3213,KABUPATEN SUBANG,2,FEBRUARI,0.13,PERSEN,2024
734,32,JAWA BARAT,3271,KOTA BOGOR,2,FEBRUARI,0.6,PERSEN,2024
735,32,JAWA BARAT,3272,KOTA SUKABUMI,2,FEBRUARI,0.36,PERSEN,2024
736,32,JAWA BARAT,3273,KOTA BANDUNG,2,FEBRUARI,0.38,PERSEN,2024
737,32,JAWA BARAT,3274,KOTA CIREBON,2,FEBRUARI,0.55,PERSEN,2024
738,32,JAWA BARAT,3275,KOTA BEKASI,2,FEBRUARI,0.51,PERSEN,2024
739,32,JAWA BARAT,3276,KOTA DEPOK,2,FEBRUARI,0.56,PERSEN,2024
740,32,JAWA BARAT,3278,KOTA TASIKMALAYA,2,FEBRUARI,0.71,PERSEN,2024
741,32,JAWA BARAT,3204,KABUPATEN BANDUNG,3,MARET,0.39,PERSEN,2024
742,32,JAWA BARAT,3210,KABUPATEN MAJALENGKA,3,MARET,0.58,PERSEN,2024
743,32,JAWA BARAT,3213,KABUPATEN SUBANG,3,MARET,0.15,PERSEN,2024
744,32,JAWA BARAT,3271,KOTA BOGOR,3,MARET,0.45,PERSEN,2024
745,32,JAWA BARAT,3272,KOTA SUKABUMI,3,MARET,0.63,PERSEN,2024
746,32,JAWA BARAT,3273,KOTA BANDUNG,3,MARET,0.55,PERSEN,2024
747,32,JAWA BARAT,3274,KOTA CIREBON,3,MARET,0.65,PERSEN,2024
748,32,JAWA BARAT,3275,KOTA BEKASI,3,MARET,0.64,PERSEN,2024
749,32,JAWA BARAT,3276,KOTA DEPOK,3,MARET,0.51,PERSEN,2024
750,32,JAWA BARAT,3278,KOTA TASIKMALAYA,3,MARET,0.64,PERSEN,2024
751,32,JAWA BARAT,3204,KABUPATEN BANDUNG,4,APRIL,0.11,PERSEN,2024
752,32,JAWA BARAT,3210,KABUPATEN MAJALENGKA,4,APRIL,0.03,PERSEN,2024
753,32,JAWA BARAT,3213,KABUPATEN SUBANG,4,APRIL,0.02,PERSEN,2024
754,32,JAWA BARAT,3271,KOTA BOGOR,4,APRIL,0.1,PERSEN,2024
755,32,JAWA BARAT,3272,KOTA SUKABUMI,4,APRIL,0.17,PERSEN,2024
756,32,JAWA BARAT,3273,KOTA BANDUNG,4,APRIL,0.13,PERSEN,2024
757,32,JAWA BARAT,3274,KOTA CIREBON,4,APRIL,0.16,PERSEN,2024
758,32,JAWA BARAT,3275,KOTA BEKASI,4,APRIL,0.21,PERSEN,2024
759,32,JAWA BARAT,3276,KOTA DEPOK,4,APRIL,0.2,PERSEN,2024
760,32,JAWA BARAT,3278,KOTA TASIKMALAYA,4,APRIL,0.18,PERSEN,2024
761,32,JAWA BARAT,3204,KABUPATEN BANDUNG,5,MEI,-0.02,PERSEN,2024
762,32,JAWA BARAT,3210,KABUPATEN MAJALENGKA,5,MEI,-0.49,PERSEN,2024
763,32,JAWA BARAT,3213,KABUPATEN SUBANG,5,MEI,-0.52,PERSEN,2024
764,32,JAWA BARAT,3271,KOTA BOGOR,5,MEI,-0.02,PERSEN,2024
765,32,JAWA BARAT,3272,KOTA SUKABUMI,5,MEI,-0.16,PERSEN,2024
766,32,JAWA BARAT,3273,KOTA BANDUNG,5,MEI,-0.06,PERSEN,2024
767,32,JAWA BARAT,3274,KOTA CIREBON,5,MEI,-0.31,PERSEN,2024
768,32,JAWA BARAT,3275,KOTA BEKASI,5,MEI,-0.08,PERSEN,2024
769,32,JAWA BARAT,3276,KOTA DEPOK,5,MEI,-0.11,PERSEN,2024
770,32,JAWA BARAT,3278,KOTA TASIKMALAYA,5,MEI,-0.23,PERSEN,2024
771,32,JAWA BARAT,3204,KABUPATEN BANDUNG,6,JUNI,0.11,PERSEN,2024
772,32,JAWA BARAT,3210,KABUPATEN MAJALENGKA,6,JUNI,0.12,PERSEN,2024
773,32,JAWA BARAT,3213,KABUPATEN SUBANG,6,JUNI,-0.35,PERSEN,2024
774,32,JAWA BARAT,3271,KOTA BOGOR,6,JUNI,-0.11,PERSEN,2024
775,32,JAWA BARAT,3272,KOTA SUKABUMI,6,JUNI,-0.16,PERSEN,2024
776,32,JAWA BARAT,3273,KOTA BANDUNG,6,JUNI,-0.03,PERSEN,2024
777,32,JAWA BARAT,3274,KOTA CIREBON,6,JUNI,-0.34,PERSEN,2024
778,32,JAWA BARAT,3275,KOTA BEKASI,6,JUNI,0.02,PERSEN,2024
779,32,JAWA BARAT,3276,KOTA DEPOK,6,JUNI,-0.11,PERSEN,2024
780,32,JAWA BARAT,3278,KOTA TASIKMALAYA,6,JUNI,-0.04,PERSEN,2024
781,32,JAWA BARAT,3204,KABUPATEN BANDUNG,7,JULI,0.2,PERSEN,2024
782,32,JAWA BARAT,3210,KABUPATEN MAJALENGKA,7,JULI,0.15,PERSEN,2024
783,32,JAWA BARAT,3213,KABUPATEN SUBANG,7,JULI,0.55,PERSEN,2024
784,32,JAWA BARAT,3271,KOTA BOGOR,7,JULI,-0.07,PERSEN,2024
785,32,JAWA BARAT,3272,KOTA SUKABUMI,7,JULI,-0.15,PERSEN,2024
786,32,JAWA BARAT,3273,KOTA BANDUNG,7,JULI,0.01,PERSEN,2024
787,32,JAWA BARAT,3274,KOTA CIREBON,7,JULI,-0.19,PERSEN,2024
788,32,JAWA BARAT,3275,KOTA BEKASI,7,JULI,0.04,PERSEN,2024
789,32,JAWA BARAT,3276,KOTA DEPOK,7,JULI,-0.1,PERSEN,2024
790,32,JAWA BARAT,3278,KOTA TASIKMALAYA,7,JULI,0.02,PERSEN,2024
791,32,JAWA BARAT,3204,KABUPATEN BANDUNG,8,AGUSTUS,-0.13,PERSEN,2024
792,32,JAWA BARAT,3210,KABUPATEN MAJALENGKA,8,AGUSTUS,0.17,PERSEN,2024
793,32,JAWA BARAT,3213,KABUPATEN SUBANG,8,AGUSTUS,0.12,PERSEN,2024
794,32,JAWA BARAT,3271,KOTA BOGOR,8,AGUSTUS,0.04,PERSEN,2024
795,32,JAWA BARAT,3272,KOTA SUKABUMI,8,AGUSTUS,0.02,PERSEN,2024
796,32,JAWA BARAT,3273,KOTA BANDUNG,8,AGUSTUS,0.13,PERSEN,2024
797,32,JAWA BARAT,3274,KOTA CIREBON,8,AGUSTUS,0.03,PERSEN,2024
798,32,JAWA BARAT,3275,KOTA BEKASI,8,AGUSTUS,-0.01,PERSEN,2024
799,32,JAWA BARAT,3276,KOTA DEPOK,8,AGUSTUS,0.3,PERSEN,2024
800,32,JAWA BARAT,3278,KOTA TASIKMALAYA,8,AGUSTUS,0.07,PERSEN,2024
801,32,JAWA BARAT,3204,KABUPATEN BANDUNG,9,SEPTEMBER,-0.2,PERSEN,2024
802,32,JAWA BARAT,3210,KABUPATEN MAJALENGKA,9,SEPTEMBER,-0.07,PERSEN,2024
803,32,JAWA BARAT,3213,KABUPATEN SUBANG,9,SEPTEMBER,-0.38,PERSEN,2024
804,32,JAWA BARAT,3271,KOTA BOGOR,9,SEPTEMBER,-0.14,PERSEN,2024
805,32,JAWA BARAT,3272,KOTA SUKABUMI,9,SEPTEMBER,-0.19,PERSEN,2024
806,32,JAWA BARAT,3273,KOTA BANDUNG,9,SEPTEMBER,-0.24,PERSEN,2024
807,32,JAWA BARAT,3274,KOTA CIREBON,9,SEPTEMBER,-0.15,PERSEN,2024
808,32,JAWA BARAT,3275,KOTA BEKASI,9,SEPTEMBER,-0.38,PERSEN,2024
809,32,JAWA BARAT,3276,KOTA DEPOK,9,SEPTEMBER,-0.01,PERSEN,2024
810,32,JAWA BARAT,3278,KOTA TASIKMALAYA,9,SEPTEMBER,-0.08,PERSEN,2024
811,32,JAWA BARAT,3204,KABUPATEN BANDUNG,10,OKTOBER,0.04,PERSEN,2024
812,32,JAWA BARAT,3210,KABUPATEN MAJALENGKA,10,OKTOBER,0.02,PERSEN,2024
813,32,JAWA BARAT,3213,KABUPATEN SUBANG,10,OKTOBER,0.12,PERSEN,2024
814,32,JAWA BARAT,3271,KOTA BOGOR,10,OKTOBER,0.08,PERSEN,2024
815,32,JAWA BARAT,3272,KOTA SUKABUMI,10,OKTOBER,0.4,PERSEN,2024
816,32,JAWA BARAT,3273,KOTA BANDUNG,10,OKTOBER,0.04,PERSEN,2024
817,32,JAWA BARAT,3274,KOTA CIREBON,10,OKTOBER,0.07,PERSEN,2024
818,32,JAWA BARAT,3275,KOTA BEKASI,10,OKTOBER,-0.08,PERSEN,2024
819,32,JAWA BARAT,3276,KOTA DEPOK,10,OKTOBER,0.06,PERSEN,2024
820,32,JAWA BARAT,3278,KOTA TASIKMALAYA,10,OKTOBER,-0.07,PERSEN,2024
821,32,JAWA BARAT,3204,KABUPATEN BANDUNG,11,NOVEMBER,0.37,PERSEN,2024
822,32,JAWA BARAT,3210,KABUPATEN MAJALENGKA,11,NOVEMBER,0.26,PERSEN,2024
823,32,JAWA BARAT,3213,KABUPATEN SUBANG,11,NOVEMBER,0.27,PERSEN,2024
824,32,JAWA BARAT,3271,KOTA BOGOR,11,NOVEMBER,0.26,PERSEN,2024
825,32,JAWA BARAT,3272,KOTA SUKABUMI,11,NOVEMBER,0.34,PERSEN,2024
826,32,JAWA BARAT,3273,KOTA BANDUNG,11,NOVEMBER,0.2,PERSEN,2024
827,32,JAWA BARAT,3274,KOTA CIREBON,11,NOVEMBER,0.18,PERSEN,2024
828,32,JAWA BARAT,3275,KOTA BEKASI,11,NOVEMBER,0.18,PERSEN,2024
829,32,JAWA BARAT,3276,KOTA DEPOK,11,NOVEMBER,0.2,PERSEN,2024
830,32,JAWA BARAT,3278,KOTA TASIKMALAYA,11,NOVEMBER,0.18,PERSEN,2024
831,32,JAWA BARAT,3204,KABUPATEN BANDUNG,12,DESEMBER,0.2,PERSEN,2024
832,32,JAWA BARAT,3210,KABUPATEN MAJALENGKA,12,DESEMBER,0.37,PERSEN,2024
833,32,JAWA BARAT,3213,KABUPATEN SUBANG,12,DESEMBER,0.54,PERSEN,2024
834,32,JAWA BARAT,3271,KOTA BOGOR,12,DESEMBER,0.49,PERSEN,2024
835,32,JAWA BARAT,3272,KOTA SUKABUMI,12,DESEMBER,0.84,PERSEN,2024
836,32,JAWA BARAT,3273,KOTA BANDUNG,12,DESEMBER,0.4,PERSEN,2024
837,32,JAWA BARAT,3274,KOTA CIREBON,12,DESEMBER,0.43,PERSEN,2024
838,32,JAWA BARAT,3275,KOTA BEKASI,12,DESEMBER,0.33,PERSEN,2024
839,32,JAWA BARAT,3276,KOTA DEPOK,12,DESEMBER,0.24,PERSEN,2024
840,32,JAWA BARAT,3278,KOTA TASIKMALAYA,12,DESEMBER,0.43,PERSEN,2024
841,32,JAWA BARAT,3204,KABUPATEN BANDUNG,1,JANUARI,-0.99,PERSEN,2025
842,32,JAWA BARAT,3210,KABUPATEN MAJALENGKA,1,JANUARI,-0.33,PERSEN,2025
843,32,JAWA BARAT,3213,KABUPATEN SUBANG,1,JANUARI,-0.99,PERSEN,2025
844,32,JAWA BARAT,3271,KOTA BOGOR,1,JANUARI,-0.54,PERSEN,2025
845,32,JAWA BARAT,3272,KOTA SUKABUMI,1,JANUARI,-0.6,PERSEN,2025
846,32,JAWA BARAT,3273,KOTA BANDUNG,1,JANUARI,-0.89,PERSEN,2025
847,32,JAWA BARAT,3274,KOTA CIREBON,1,JANUARI,-0.77,PERSEN,2025
848,32,JAWA BARAT,3275,KOTA BEKASI,1,JANUARI,-0.26,PERSEN,2025
849,32,JAWA BARAT,3276,KOTA DEPOK,1,JANUARI,-0.76,PERSEN,2025
850,32,JAWA BARAT,3278,KOTA TASIKMALAYA,1,JANUARI,-0.79,PERSEN,2025
851,32,JAWA BARAT,3204,KABUPATEN BANDUNG,2,FEBRUARI,"-0,53",PERSEN,2025
852,32,JAWA BARAT,3210,KABUPATEN MAJALENGKA,2,FEBRUARI,"-0,97",PERSEN,2025
853,32,JAWA BARAT,3213,KABUPATEN SUBANG,2,FEBRUARI,"-0,56",PERSEN,2025
854,32,JAWA BARAT,3271,KOTA BOGOR,2,FEBRUARI,"-0,73",PERSEN,2025
855,32,JAWA BARAT,3272,KOTA SUKABUMI,2,FEBRUARI,"-0,35",PERSEN,2025
856,32,JAWA BARAT,3273,KOTA BANDUNG,2,FEBRUARI,"-0,73",PERSEN,2025
857,32,JAWA BARAT,3274,KOTA CIREBON,2,FEBRUARI,"-0,78",PERSEN,2025
858,32,JAWA BARAT,3275,KOTA BEKASI,2,FEBRUARI,"-0,47",PERSEN,2025
859,32,JAWA BARAT,3276,KOTA DEPOK,2,FEBRUARI,"-0,73",PERSEN,2025
860,32,JAWA BARAT,3278,KOTA TASIKMALAYA,2,FEBRUARI,"-0,32",PERSEN,2025
861,32,JAWA BARAT,3204,KABUPATEN BANDUNG,3,MARET,1.7,PERSEN,2025
862,32,JAWA BARAT,3210,KABUPATEN MAJALENGKA,3,MARET,1.1,PERSEN,2025
863,32,JAWA BARAT,3213,KABUPATEN SUBANG,3,MARET,1.73,PERSEN,2025
864,32,JAWA BARAT,3271,KOTA BOGOR,3,MARET,1.54,PERSEN,2025
865,32,JAWA BARAT,3272,KOTA SUKABUMI,3,MARET,1.61,PERSEN,2025
866,32,JAWA BARAT,3273,KOTA BANDUNG,3,MARET,1.69,PERSEN,2025
867,32,JAWA BARAT,3274,KOTA CIREBON,3,MARET,1.94,PERSEN,2025
868,32,JAWA BARAT,3275,KOTA BEKASI,3,MARET,1.46,PERSEN,2025
869,32,JAWA BARAT,3276,KOTA DEPOK,3,MARET,1.71,PERSEN,2025
870,32,JAWA BARAT,3278,KOTA TASIKMALAYA,3,MARET,1.32,PERSEN,2025
871,32,JAWA BARAT,3204,KABUPATEN BANDUNG,4,APRIL,0.87,PERSEN,2025
872,32,JAWA BARAT,3210,KABUPATEN MAJALENGKA,4,APRIL,1.36,PERSEN,2025
873,32,JAWA BARAT,3213,KABUPATEN SUBANG,4,APRIL,0.74,PERSEN,2025
874,32,JAWA BARAT,3271,KOTA BOGOR,4,APRIL,1.07,PERSEN,2025
875,32,JAWA BARAT,3272,KOTA SUKABUMI,4,APRIL,1.13,PERSEN,2025
876,32,JAWA BARAT,3273,KOTA BANDUNG,4,APRIL,0.97,PERSEN,2025
877,32,JAWA BARAT,3274,KOTA CIREBON,4,APRIL,0.7,PERSEN,2025
878,32,JAWA BARAT,3275,KOTA BEKASI,4,APRIL,1.04,PERSEN,2025
879,32,JAWA BARAT,3276,KOTA DEPOK,4,APRIL,1.2,PERSEN,2025
880,32,JAWA BARAT,3278,KOTA TASIKMALAYA,4,APRIL,0.89,PERSEN,2025
881,32,JAWA BARAT,3204,KABUPATEN BANDUNG,5,MEI,-0.37,PERSEN,2025
882,32,JAWA BARAT,3210,KABUPATEN MAJALENGKA,5,MEI,-0.06,PERSEN,2025
883,32,JAWA BARAT,3213,KABUPATEN SUBANG,5,MEI,-0.11,PERSEN,2025
884,32,JAWA BARAT,3271,KOTA BOGOR,5,MEI,-0.25,PERSEN,2025
885,32,JAWA BARAT,3272,KOTA SUKABUMI,5,MEI,-0.16,PERSEN,2025
886,32,JAWA BARAT,3273,KOTA BANDUNG,5,MEI,-0.35,PERSEN,2025
887,32,JAWA BARAT,3274,KOTA CIREBON,5,MEI,-0.11,PERSEN,2025
888,32,JAWA BARAT,3275,KOTA BEKASI,5,MEI,-0.46,PERSEN,2025
889,32,JAWA BARAT,3276,KOTA DEPOK,5,MEI,-0.35,PERSEN,2025
890,32,JAWA BARAT,3278,KOTA TASIKMALAYA,5,MEI,-0.01,PERSEN,2025
891,32,JAWA BARAT,3204,KABUPATEN BANDUNG,6,JUNI,0.23,PERSEN,2025
892,32,JAWA BARAT,3210,KABUPATEN MAJALENGKA,6,JUNI,0.18,PERSEN,2025
893,32,JAWA BARAT,3213,KABUPATEN SUBANG,6,JUNI,0.24,PERSEN,2025
894,32,JAWA BARAT,3271,KOTA BOGOR,6,JUNI,0.41,PERSEN,2025
895,32,JAWA BARAT,3272,KOTA SUKABUMI,6,JUNI,0.35,PERSEN,2025
896,32,JAWA BARAT,3273,KOTA BANDUNG,6,JUNI,0.27,PERSEN,2025
897,32,JAWA BARAT,3274,KOTA CIREBON,6,JUNI,0.46,PERSEN,2025
898,32,JAWA BARAT,3275,KOTA BEKASI,6,JUNI,0.28,PERSEN,2025
899,32,JAWA BARAT,3276,KOTA DEPOK,6,JUNI,0.24,PERSEN,2025
900,32,JAWA BARAT,3278,KOTA TASIKMALAYA,6,JUNI,0.12,PERSEN,2025
901,32,JAWA BARAT,3204,KABUPATEN BANDUNG,7,JULI,0.37,PERSEN,2025
902,32,JAWA BARAT,3210,KABUPATEN MAJALENGKA,7,JULI,0.49,PERSEN,2025
903,32,JAWA BARAT,3213,KABUPATEN SUBANG,7,JULI,0.18,PERSEN,2025
904,32,JAWA BARAT,3271,KOTA BOGOR,7,JULI,0.33,PERSEN,2025
905,32,JAWA BARAT,3272,KOTA SUKABUMI,7,JULI,0.21,PERSEN,2025
906,32,JAWA BARAT,3273,KOTA BANDUNG,7,JULI,0.5,PERSEN,2025
907,32,JAWA BARAT,3274,KOTA CIREBON,7,JULI,0.53,PERSEN,2025
908,32,JAWA BARAT,3275,KOTA BEKASI,7,JULI,0.11,PERSEN,2025
909,32,JAWA BARAT,3276,KOTA DEPOK,7,JULI,0.35,PERSEN,2025
910,32,JAWA BARAT,3278,KOTA TASIKMALAYA,7,JULI,0.25,PERSEN,2025
911,32,JAWA BARAT,3204,KABUPATEN BANDUNG,8,AGUSTUS,-0.22,PERSEN,2025
912,32,JAWA BARAT,3210,KABUPATEN MAJALENGKA,8,AGUSTUS,0.01,PERSEN,2025
913,32,JAWA BARAT,3213,KABUPATEN SUBANG,8,AGUSTUS,-0.24,PERSEN,2025
914,32,JAWA BARAT,3271,KOTA BOGOR,8,AGUSTUS,-0.15,PERSEN,2025
915,32,JAWA BARAT,3272,KOTA SUKABUMI,8,AGUSTUS,-0.06,PERSEN,2025
916,32,JAWA BARAT,3273,KOTA BANDUNG,8,AGUSTUS,-0.14,PERSEN,2025
917,32,JAWA BARAT,3274,KOTA CIREBON,8,AGUSTUS,-0.31,PERSEN,2025
918,32,JAWA BARAT,3275,KOTA BEKASI,8,AGUSTUS,-0.19,PERSEN,2025
919,32,JAWA BARAT,3276,KOTA DEPOK,8,AGUSTUS,-0.29,PERSEN,2025
920,32,JAWA BARAT,3278,KOTA TASIKMALAYA,8,AGUSTUS,-0.17,PERSEN,2025
921,32,JAWA BARAT,3204,KABUPATEN BANDUNG,9,SEPTEMBER,0.2,PERSEN,2025
922,32,JAWA BARAT,3210,KABUPATEN MAJALENGKA,9,SEPTEMBER,0.21,PERSEN,2025
923,32,JAWA BARAT,3213,KABUPATEN SUBANG,9,SEPTEMBER,0.07,PERSEN,2025
924,32,JAWA BARAT,3271,KOTA BOGOR,9,SEPTEMBER,0.2,PERSEN,2025
925,32,JAWA BARAT,3272,KOTA SUKABUMI,9,SEPTEMBER,0.15,PERSEN,2025
926,32,JAWA BARAT,3273,KOTA BANDUNG,9,SEPTEMBER,0.16,PERSEN,2025
927,32,JAWA BARAT,3274,KOTA CIREBON,9,SEPTEMBER,0.29,PERSEN,2025
928,32,JAWA BARAT,3275,KOTA BEKASI,9,SEPTEMBER,0.23,PERSEN,2025
929,32,JAWA BARAT,3276,KOTA DEPOK,9,SEPTEMBER,0.25,PERSEN,2025
930,32,JAWA BARAT,3278,KOTA TASIKMALAYA,9,SEPTEMBER,0.32,PERSEN,2025
931,32,JAWA BARAT,3204,KABUPATEN BANDUNG,10,OKTOBER,0.39,PERSEN,2025
932,32,JAWA BARAT,3210,KABUPATEN MAJALENGKA,10,OKTOBER,0.34,PERSEN,2025
933,32,JAWA BARAT,3213,KABUPATEN SUBANG,10,OKTOBER,0.32,PERSEN,2025
934,32,JAWA BARAT,3271,KOTA BOGOR,10,OKTOBER,0.42,PERSEN,2025
935,32,JAWA BARAT,3272,KOTA SUKABUMI,10,OKTOBER,0.38,PERSEN,2025
936,32,JAWA BARAT,3273,KOTA BANDUNG,10,OKTOBER,0.46,PERSEN,2025
937,32,JAWA BARAT,3274,KOTA CIREBON,10,OKTOBER,0.32,PERSEN,2025
938,32,JAWA BARAT,3275,KOTA BEKASI,10,OKTOBER,0.57,PERSEN,2025
939,32,JAWA BARAT,3276,KOTA DEPOK,10,OKTOBER,0.47,PERSEN,2025
940,32,JAWA BARAT,3278,KOTA TASIKMALAYA,10,OKTOBER,0.41,PERSEN,2025
941,32,JAWA BARAT,3204,KABUPATEN BANDUNG,11,NOVEMBER,0.05,PERSEN,2025
942,32,JAWA BARAT,3210,KABUPATEN MAJALENGKA,11,NOVEMBER,0.22,PERSEN,2025
943,32,JAWA BARAT,3213,KABUPATEN SUBANG,11,NOVEMBER,0.05,PERSEN,2025
944,32,JAWA BARAT,3271,KOTA BOGOR,11,NOVEMBER,0.06,PERSEN,2025
945,32,JAWA BARAT,3272,KOTA SUKABUMI,11,NOVEMBER,0.1,PERSEN,2025
946,32,JAWA BARAT,3273,KOTA BANDUNG,11,NOVEMBER,0.24,PERSEN,2025
947,32,JAWA BARAT,3274,KOTA CIREBON,11,NOVEMBER,0.16,PERSEN,2025
948,32,JAWA BARAT,3275,KOTA BEKASI,11,NOVEMBER,0.29,PERSEN,2025
949,32,JAWA BARAT,3276,KOTA DEPOK,11,NOVEMBER,0.05,PERSEN,2025
950,32,JAWA BARAT,3278,KOTA TASIKMALAYA,11,NOVEMBER,0.22,PERSEN,2025
951,32,JAWA BARAT,3204,KABUPATEN BANDUNG,12,DESEMBER,0.44,PERSEN,2025
952,32,JAWA BARAT,3210,KABUPATEN MAJALENGKA,12,DESEMBER,0.29,PERSEN,2025
953,32,JAWA BARAT,3213,KABUPATEN SUBANG,12,DESEMBER,0.69,PERSEN,2025
954,32,JAWA BARAT,3271,KOTA BOGOR,12,DESEMBER,0.46,PERSEN,2025
955,32,JAWA BARAT,3272,KOTA SUKABUMI,12,DESEMBER,0.37,PERSEN,2025
956,32,JAWA BARAT,3273,KOTA BANDUNG,12,DESEMBER,0.51,PERSEN,2025
957,32,JAWA BARAT,3274,KOTA CIREBON,12,DESEMBER,0.42,PERSEN,2025
958,32,JAWA BARAT,3275,KOTA BEKASI,12,DESEMBER,0.39,PERSEN,2025
959,32,JAWA BARAT,3276,KOTA DEPOK,12,DESEMBER,0.37,PERSEN,2025
960,32,JAWA BARAT,3278,KOTA TASIKMALAYA,12,DESEMBER,0.4,PERSEN,2025
